concat_key,platform,bp_segment,solution,product,entity,year,share_rate
Platform 1Channel 1Segment OneSegment OneSegment OneRestrictedProduct 01External SolutionAdmin onlyCoreLegal Entity 2,Platform 1,Segment One,External Solution,Product 01,Legal Entity 2,2025,0.00615195065679647
Platform 1Channel 1Segment OneSegment OneSegment OneRestrictedProduct 01External SolutionAdmin onlyCoreLegal Entity 2,Platform 1,Segment One,External Solution,Product 01,Legal Entity 2,2026,0.00614878855629457
Platform 1Channel 1Segment OneSegment OneSegment OneRestrictedProduct 01External SolutionAdmin onlyCoreLegal Entity 2,Platform 1,Segment One,External Solution,Product 01,Legal Entity 2,2027,0.00614878855629457
Platform 1Channel 1Segment OneSegment OneSegment OneRestrictedProduct 01External SolutionAdmin onlyCoreLegal Entity 2,Platform 1,Segment One,External Solution,Product 01,Legal Entity 2,2028,0.00614878855629457
Platform 1Channel 1Segment OneSegment OneSegment OneRestrictedProduct 01External SolutionAdmin onlyNon CoreLegal Entity 2,Platform 1,Segment One,External Solution,Product 01,Legal Entity 2,2025,0
Platform 1Channel 1Segment OneSegment OneSegment OneRestrictedProduct 01External SolutionAdmin onlyNon CoreLegal Entity 2,Platform 1,Segment One,External Solution,Product 01,Legal Entity 2,2026,0
Platform 1Channel 1Segment OneSegment OneSegment OneRestrictedProduct 01External SolutionAdmin onlyNon CoreLegal Entity 2,Platform 1,Segment One,External Solution,Product 01,Legal Entity 2,2027,0
Platform 1Channel 1Segment OneSegment OneSegment OneRestrictedProduct 01External SolutionAdmin onlyNon CoreLegal Entity 2,Platform 1,Segment One,External Solution,Product 01,Legal Entity 2,2028,0
Platform 1Channel 1Segment OneSegment OneSegment OneRestrictedProduct 02London SolutionAdmin & ManagedCoreLegal Entity 1,Platform 1,Segment One,London Solution,Product 02,Legal Entity 1,2025,0.0141134560610005
Platform 1Channel 1Segment OneSegment OneSegment OneRestrictedProduct 02London SolutionAdmin & ManagedCoreLegal Entity 1,Platform 1,Segment One,London Solution,Product 02,Legal Entity 1,2026,0.0140946720725358
Platform 1Channel 1Segment OneSegment OneSegment OneRestrictedProduct 02London SolutionAdmin & ManagedCoreLegal Entity 1,Platform 1,Segment One,London Solution,Product 02,Legal Entity 1,2027,0.0140946720725358
Platform 1Channel 1Segment OneSegment OneSegment OneRestrictedProduct 02London SolutionAdmin & ManagedCoreLegal Entity 1,Platform 1,Segment One,London Solution,Product 02,Legal Entity 1,2028,0.0140946720725358
Platform 1Channel 1Segment OneSegment OneSegment OneRestrictedProduct 02Birmingham SolutionAdmin & ManagedCoreLegal Entity 1,Platform 1,Segment One,Birmingham Solution,Product 02,Legal Entity 1,2025,0.0137141377020292
Platform 1Channel 1Segment OneSegment OneSegment OneRestrictedProduct 02Birmingham SolutionAdmin & ManagedCoreLegal Entity 1,Platform 1,Segment One,Birmingham Solution,Product 02,Legal Entity 1,2026,0.0137102241477738
Platform 1Channel 1Segment OneSegment OneSegment OneRestrictedProduct 02Birmingham SolutionAdmin & ManagedCoreLegal Entity 1,Platform 1,Segment One,Birmingham Solution,Product 02,Legal Entity 1,2027,0.0137102241477738
Platform 1Channel 1Segment OneSegment OneSegment OneRestrictedProduct 02Birmingham SolutionAdmin & ManagedCoreLegal Entity 1,Platform 1,Segment One,Birmingham Solution,Product 02,Legal Entity 1,2028,0.0137102241477738
Platform 1Channel 1Segment OneSegment OneSegment OneRestrictedProduct 02Liverpool SolutionAdmin & ManagedCoreLegal Entity 1,Platform 1,Segment One,Liverpool Solution,Product 02,Legal Entity 1,2025,0.0382774951248927
Platform 1Channel 1Segment OneSegment OneSegment OneRestrictedProduct 02Liverpool SolutionAdmin & ManagedCoreLegal Entity 1,Platform 1,Segment One,Liverpool Solution,Product 02,Legal Entity 1,2026,0.0382883712983932
Platform 1Channel 1Segment OneSegment OneSegment OneRestrictedProduct 02Liverpool SolutionAdmin & ManagedCoreLegal Entity 1,Platform 1,Segment One,Liverpool Solution,Product 02,Legal Entity 1,2027,0.0382883712983932
Platform 1Channel 1Segment OneSegment OneSegment OneRestrictedProduct 02Liverpool SolutionAdmin & ManagedCoreLegal Entity 1,Platform 1,Segment One,Liverpool Solution,Product 02,Legal Entity 1,2028,0.0382883712983932
Platform 1Channel 1Segment OneSegment OneSegment OneRestrictedProduct 02External SolutionAdmin onlyCoreLegal Entity 2,Platform 1,Segment One,External Solution,Product 02,Legal Entity 2,2025,0.0101893882064077
Platform 1Channel 1Segment OneSegment OneSegment OneRestrictedProduct 02External SolutionAdmin onlyCoreLegal Entity 2,Platform 1,Segment One,External Solution,Product 02,Legal Entity 2,2026,0.0101841508644069
Platform 1Channel 1Segment OneSegment OneSegment OneRestrictedProduct 02External SolutionAdmin onlyCoreLegal Entity 2,Platform 1,Segment One,External Solution,Product 02,Legal Entity 2,2027,0.0101841508644069
Platform 1Channel 1Segment OneSegment OneSegment OneRestrictedProduct 02External SolutionAdmin onlyCoreLegal Entity 2,Platform 1,Segment One,External Solution,Product 02,Legal Entity 2,2028,0.0101841508644069
Platform 1Channel 1Segment OneSegment OneSegment OneRestrictedProduct 03Birmingham SolutionAdmin & ManagedCoreLegal Entity 1,Platform 1,Segment One,Birmingham Solution,Product 03,Legal Entity 1,2025,0.0256043390759062
Platform 1Channel 1Segment OneSegment OneSegment OneRestrictedProduct 03Birmingham SolutionAdmin & ManagedCoreLegal Entity 1,Platform 1,Segment One,Birmingham Solution,Product 03,Legal Entity 1,2026,0.0255970324575592
Platform 1Channel 1Segment OneSegment OneSegment OneRestrictedProduct 03Birmingham SolutionAdmin & ManagedCoreLegal Entity 1,Platform 1,Segment One,Birmingham Solution,Product 03,Legal Entity 1,2027,0.0255970324575592
Platform 1Channel 1Segment OneSegment OneSegment OneRestrictedProduct 03Birmingham SolutionAdmin & ManagedCoreLegal Entity 1,Platform 1,Segment One,Birmingham Solution,Product 03,Legal Entity 1,2028,0.0255970324575592
Platform 1Channel 1Segment OneSegment OneSegment OneRestrictedProduct 03External SolutionAdmin onlyCoreLegal Entity 2,Platform 1,Segment One,External Solution,Product 03,Legal Entity 2,2025,0.00149461342865568
Platform 1Channel 1Segment OneSegment OneSegment OneRestrictedProduct 03External SolutionAdmin onlyCoreLegal Entity 2,Platform 1,Segment One,External Solution,Product 03,Legal Entity 2,2026,0.00149384519787221
Platform 1Channel 1Segment OneSegment OneSegment OneRestrictedProduct 03External SolutionAdmin onlyCoreLegal Entity 2,Platform 1,Segment One,External Solution,Product 03,Legal Entity 2,2027,0.00149384519787221
Platform 1Channel 1Segment OneSegment OneSegment OneRestrictedProduct 03External SolutionAdmin onlyCoreLegal Entity 2,Platform 1,Segment One,External Solution,Product 03,Legal Entity 2,2028,0.00149384519787221
Platform 1Channel 1Segment OneSegment OneSegment OneRestrictedProduct 01London SolutionAdmin & ManagedCoreLegal Entity 1,Platform 1,Segment One,London Solution,Product 01,Legal Entity 1,2025,0.00243622447857494
Platform 1Channel 1Segment OneSegment OneSegment OneRestrictedProduct 01London SolutionAdmin & ManagedCoreLegal Entity 1,Platform 1,Segment One,London Solution,Product 01,Legal Entity 1,2026,0.00243298204013143
Platform 1Channel 1Segment OneSegment OneSegment OneRestrictedProduct 01London SolutionAdmin & ManagedCoreLegal Entity 1,Platform 1,Segment One,London Solution,Product 01,Legal Entity 1,2027,0.00243298204013143
Platform 1Channel 1Segment OneSegment OneSegment OneRestrictedProduct 01London SolutionAdmin & ManagedCoreLegal Entity 1,Platform 1,Segment One,London Solution,Product 01,Legal Entity 1,2028,0.00243298204013143
Platform 1Channel 1Segment OneSegment OneSegment OneRestrictedProduct 01Birmingham SolutionAdmin & ManagedCoreLegal Entity 1,Platform 1,Segment One,Birmingham Solution,Product 01,Legal Entity 1,2025,0.00823062455877521
Platform 1Channel 1Segment OneSegment OneSegment OneRestrictedProduct 01Birmingham SolutionAdmin & ManagedCoreLegal Entity 1,Platform 1,Segment One,Birmingham Solution,Product 01,Legal Entity 1,2026,0.00822827581498494
Platform 1Channel 1Segment OneSegment OneSegment OneRestrictedProduct 01Birmingham SolutionAdmin & ManagedCoreLegal Entity 1,Platform 1,Segment One,Birmingham Solution,Product 01,Legal Entity 1,2027,0.00822827581498494
Platform 1Channel 1Segment OneSegment OneSegment OneRestrictedProduct 01Birmingham SolutionAdmin & ManagedCoreLegal Entity 1,Platform 1,Segment One,Birmingham Solution,Product 01,Legal Entity 1,2028,0.00822827581498494
Platform 1Channel 1Segment OneSegment OneSegment OneRestrictedProduct 01Liverpool SolutionAdmin & ManagedCoreLegal Entity 1,Platform 1,Segment One,Liverpool Solution,Product 01,Legal Entity 1,2025,0.0121966514401681
Platform 1Channel 1Segment OneSegment OneSegment OneRestrictedProduct 01Liverpool SolutionAdmin & ManagedCoreLegal Entity 1,Platform 1,Segment One,Liverpool Solution,Product 01,Legal Entity 1,2026,0.0122001169986315
Platform 1Channel 1Segment OneSegment OneSegment OneRestrictedProduct 01Liverpool SolutionAdmin & ManagedCoreLegal Entity 1,Platform 1,Segment One,Liverpool Solution,Product 01,Legal Entity 1,2027,0.0122001169986315
Platform 1Channel 1Segment OneSegment OneSegment OneRestrictedProduct 01Liverpool SolutionAdmin & ManagedCoreLegal Entity 1,Platform 1,Segment One,Liverpool Solution,Product 01,Legal Entity 1,2028,0.0122001169986315
Platform 1Channel 1Segment OneSegment OneSegment OneRestrictedProduct 01Leeds SolutionAdmin onlyCoreLegal Entity 2,Platform 1,Segment One,Leeds Solution,Product 01,Legal Entity 2,2025,0.0179113025952289
Platform 1Channel 1Segment OneSegment OneSegment OneRestrictedProduct 01Leeds SolutionAdmin onlyCoreLegal Entity 2,Platform 1,Segment One,Leeds Solution,Product 01,Legal Entity 2,2026,0.0179325659860343
Platform 1Channel 1Segment OneSegment OneSegment OneRestrictedProduct 01Leeds SolutionAdmin onlyCoreLegal Entity 2,Platform 1,Segment One,Leeds Solution,Product 01,Legal Entity 2,2027,0.0179325659860343
Platform 1Channel 1Segment OneSegment OneSegment OneRestrictedProduct 01Leeds SolutionAdmin onlyCoreLegal Entity 2,Platform 1,Segment One,Leeds Solution,Product 01,Legal Entity 2,2028,0.0179325659860343
Platform 1Channel 1Segment OneSegment OneSegment OneRestrictedProduct 01Southampton SolutionAdmin onlyCoreLegal Entity 2,Platform 1,Segment One,Southampton Solution,Product 01,Legal Entity 2,2025,0.000100709314096898
Platform 1Channel 1Segment OneSegment OneSegment OneRestrictedProduct 01Southampton SolutionAdmin onlyCoreLegal Entity 2,Platform 1,Segment One,Southampton Solution,Product 01,Legal Entity 2,2026,9.90150171935306e-05
Platform 1Channel 1Segment OneSegment OneSegment OneRestrictedProduct 01Southampton SolutionAdmin onlyCoreLegal Entity 2,Platform 1,Segment One,Southampton Solution,Product 01,Legal Entity 2,2027,9.90150171935306e-05
Platform 1Channel 1Segment OneSegment OneSegment OneRestrictedProduct 01Southampton SolutionAdmin onlyCoreLegal Entity 2,Platform 1,Segment One,Southampton Solution,Product 01,Legal Entity 2,2028,9.90150171935306e-05
Platform 1Channel 1Segment OneSegment OneSegment OneRestrictedProduct 01Cardiff SolutionAdmin & ManagedCoreLegal Entity 2,Platform 1,Segment One,Cardiff Solution,Product 01,Legal Entity 2,2025,0.00149503416639022
Platform 1Channel 1Segment OneSegment OneSegment OneRestrictedProduct 01Cardiff SolutionAdmin & ManagedCoreLegal Entity 2,Platform 1,Segment One,Cardiff Solution,Product 01,Legal Entity 2,2026,0.00149394976505913
Platform 1Channel 1Segment OneSegment OneSegment OneRestrictedProduct 01Cardiff SolutionAdmin & ManagedCoreLegal Entity 2,Platform 1,Segment One,Cardiff Solution,Product 01,Legal Entity 2,2027,0.00149394976505913
Platform 1Channel 1Segment OneSegment OneSegment OneRestrictedProduct 01Cardiff SolutionAdmin & ManagedCoreLegal Entity 2,Platform 1,Segment One,Cardiff Solution,Product 01,Legal Entity 2,2028,0.00149394976505913
Platform 1Channel 1Segment OneSegment OneSegment OneRestrictedProduct 01Cardiff SolutionAdmin & ManagedCoreLegal Entity 1,Platform 1,Segment One,Cardiff Solution,Product 01,Legal Entity 1,2025,0.00462421369376635
Platform 1Channel 1Segment OneSegment OneSegment OneRestrictedProduct 01Cardiff SolutionAdmin & ManagedCoreLegal Entity 1,Platform 1,Segment One,Cardiff Solution,Product 01,Legal Entity 1,2026,0.00462085958748738
Platform 1Channel 1Segment OneSegment OneSegment OneRestrictedProduct 01Cardiff SolutionAdmin & ManagedCoreLegal Entity 1,Platform 1,Segment One,Cardiff Solution,Product 01,Legal Entity 1,2027,0.00462085958748738
Platform 1Channel 1Segment OneSegment OneSegment OneRestrictedProduct 01Cardiff SolutionAdmin & ManagedCoreLegal Entity 1,Platform 1,Segment One,Cardiff Solution,Product 01,Legal Entity 1,2028,0.00462085958748738
Platform 1Channel 1Segment OneSegment OneSegment OneRestrictedProduct 01Cardiff SolutionAdmin & ManagedNon CoreLegal Entity 2,Platform 1,Segment One,Cardiff Solution,Product 01,Legal Entity 2,2025,3.82488849589434e-07
Platform 1Channel 1Segment OneSegment OneSegment OneRestrictedProduct 01Cardiff SolutionAdmin & ManagedNon CoreLegal Entity 2,Platform 1,Segment One,Cardiff Solution,Product 01,Legal Entity 2,2026,3.82211416854487e-07
Platform 1Channel 1Segment OneSegment OneSegment OneRestrictedProduct 01Cardiff SolutionAdmin & ManagedNon CoreLegal Entity 2,Platform 1,Segment One,Cardiff Solution,Product 01,Legal Entity 2,2027,3.82211416854487e-07
Platform 1Channel 1Segment OneSegment OneSegment OneRestrictedProduct 01Cardiff SolutionAdmin & ManagedNon CoreLegal Entity 2,Platform 1,Segment One,Cardiff Solution,Product 01,Legal Entity 2,2028,3.82211416854487e-07
Platform 1Channel 1Segment OneSegment OneSegment OneRestrictedProduct 01Cardiff SolutionAdmin & ManagedNon CoreLegal Entity 1,Platform 1,Segment One,Cardiff Solution,Product 01,Legal Entity 1,2025,1.49170651339879e-06
Platform 1Channel 1Segment OneSegment OneSegment OneRestrictedProduct 01Cardiff SolutionAdmin & ManagedNon CoreLegal Entity 1,Platform 1,Segment One,Cardiff Solution,Product 01,Legal Entity 1,2026,1.4906245257325e-06
Platform 1Channel 1Segment OneSegment OneSegment OneRestrictedProduct 01Cardiff SolutionAdmin & ManagedNon CoreLegal Entity 1,Platform 1,Segment One,Cardiff Solution,Product 01,Legal Entity 1,2027,1.4906245257325e-06
Platform 1Channel 1Segment OneSegment OneSegment OneRestrictedProduct 01Cardiff SolutionAdmin & ManagedNon CoreLegal Entity 1,Platform 1,Segment One,Cardiff Solution,Product 01,Legal Entity 1,2028,1.4906245257325e-06
Platform 1Channel 1Segment OneSegment OneSegment OneRestrictedProduct 01Glasgow SolutionAdmin & ManagedCoreLegal Entity 2,Platform 1,Segment One,Glasgow Solution,Product 01,Legal Entity 2,2025,0.00967589692583385
Platform 1Channel 1Segment OneSegment OneSegment OneRestrictedProduct 01Glasgow SolutionAdmin & ManagedCoreLegal Entity 2,Platform 1,Segment One,Glasgow Solution,Product 01,Legal Entity 2,2026,0.00968255632080873
Platform 1Channel 1Segment OneSegment OneSegment OneRestrictedProduct 01Glasgow SolutionAdmin & ManagedCoreLegal Entity 2,Platform 1,Segment One,Glasgow Solution,Product 01,Legal Entity 2,2027,0.00968255632080873
Platform 1Channel 1Segment OneSegment OneSegment OneRestrictedProduct 01Glasgow SolutionAdmin & ManagedCoreLegal Entity 2,Platform 1,Segment One,Glasgow Solution,Product 01,Legal Entity 2,2028,0.00968255632080873
Platform 1Channel 1Segment OneSegment OneSegment OneRestrictedProduct 01Glasgow SolutionAdmin & ManagedCoreLegal Entity 1,Platform 1,Segment One,Glasgow Solution,Product 01,Legal Entity 1,2025,0.0105167986616562
Platform 1Channel 1Segment OneSegment OneSegment OneRestrictedProduct 01Glasgow SolutionAdmin & ManagedCoreLegal Entity 1,Platform 1,Segment One,Glasgow Solution,Product 01,Legal Entity 1,2026,0.0105240368036803
Platform 1Channel 1Segment OneSegment OneSegment OneRestrictedProduct 01Glasgow SolutionAdmin & ManagedCoreLegal Entity 1,Platform 1,Segment One,Glasgow Solution,Product 01,Legal Entity 1,2027,0.0105240368036803
Platform 1Channel 1Segment OneSegment OneSegment OneRestrictedProduct 01Glasgow SolutionAdmin & ManagedCoreLegal Entity 1,Platform 1,Segment One,Glasgow Solution,Product 01,Legal Entity 1,2028,0.0105240368036803
Platform 1Channel 1Segment OneSegment OneSegment OneRestrictedProduct 01Glasgow SolutionAdmin & ManagedNon CoreLegal Entity 2,Platform 1,Segment One,Glasgow Solution,Product 01,Legal Entity 2,2025,1.91244424794717e-07
Platform 1Channel 1Segment OneSegment OneSegment OneRestrictedProduct 01Glasgow SolutionAdmin & ManagedNon CoreLegal Entity 2,Platform 1,Segment One,Glasgow Solution,Product 01,Legal Entity 2,2026,1.91376047958049e-07
Platform 1Channel 1Segment OneSegment OneSegment OneRestrictedProduct 01Glasgow SolutionAdmin & ManagedNon CoreLegal Entity 2,Platform 1,Segment One,Glasgow Solution,Product 01,Legal Entity 2,2027,1.91376047958049e-07
Platform 1Channel 1Segment OneSegment OneSegment OneRestrictedProduct 01Glasgow SolutionAdmin & ManagedNon CoreLegal Entity 2,Platform 1,Segment One,Glasgow Solution,Product 01,Legal Entity 2,2028,1.91376047958049e-07
Platform 1Channel 1Segment OneSegment OneSegment OneRestrictedProduct 01Glasgow SolutionAdmin & ManagedNon CoreLegal Entity 1,Platform 1,Segment One,Glasgow Solution,Product 01,Legal Entity 1,2025,7.6497769917887e-08
Platform 1Channel 1Segment OneSegment OneSegment OneRestrictedProduct 01Glasgow SolutionAdmin & ManagedNon CoreLegal Entity 1,Platform 1,Segment One,Glasgow Solution,Product 01,Legal Entity 1,2026,7.65504191832197e-08
Platform 1Channel 1Segment OneSegment OneSegment OneRestrictedProduct 01Glasgow SolutionAdmin & ManagedNon CoreLegal Entity 1,Platform 1,Segment One,Glasgow Solution,Product 01,Legal Entity 1,2027,7.65504191832197e-08
Platform 1Channel 1Segment OneSegment OneSegment OneRestrictedProduct 01Glasgow SolutionAdmin & ManagedNon CoreLegal Entity 1,Platform 1,Segment One,Glasgow Solution,Product 01,Legal Entity 1,2028,7.65504191832197e-08
Platform 1Channel 1Segment OneSegment OneSegment OneRestrictedProduct 01Newcastle SolutionAdmin & ManagedCoreLegal Entity 2,Platform 1,Segment One,Newcastle Solution,Product 01,Legal Entity 2,2025,0.00631726233758902
Platform 1Channel 1Segment OneSegment OneSegment OneRestrictedProduct 01Newcastle SolutionAdmin & ManagedCoreLegal Entity 2,Platform 1,Segment One,Newcastle Solution,Product 01,Legal Entity 2,2026,0.00632240864228337
Platform 1Channel 1Segment OneSegment OneSegment OneRestrictedProduct 01Newcastle SolutionAdmin & ManagedCoreLegal Entity 2,Platform 1,Segment One,Newcastle Solution,Product 01,Legal Entity 2,2027,0.00632240864228337
Platform 1Channel 1Segment OneSegment OneSegment OneRestrictedProduct 01Newcastle SolutionAdmin & ManagedCoreLegal Entity 2,Platform 1,Segment One,Newcastle Solution,Product 01,Legal Entity 2,2028,0.00632240864228337
Platform 1Channel 1Segment OneSegment OneSegment OneRestrictedProduct 01Belfast SolutionAdmin & ManagedCoreLegal Entity 2,Platform 1,Segment One,Belfast Solution,Product 01,Legal Entity 2,2025,0.000818717382546185
Platform 1Channel 1Segment OneSegment OneSegment OneRestrictedProduct 01Belfast SolutionAdmin & ManagedCoreLegal Entity 2,Platform 1,Segment One,Belfast Solution,Product 01,Legal Entity 2,2026,0.000810833207953718
Platform 1Channel 1Segment OneSegment OneSegment OneRestrictedProduct 01Belfast SolutionAdmin & ManagedCoreLegal Entity 2,Platform 1,Segment One,Belfast Solution,Product 01,Legal Entity 2,2027,0.000810833207953718
Platform 1Channel 1Segment OneSegment OneSegment OneRestrictedProduct 01Belfast SolutionAdmin & ManagedCoreLegal Entity 2,Platform 1,Segment One,Belfast Solution,Product 01,Legal Entity 2,2028,0.000810833207953718
Platform 1Channel 1Segment OneSegment OneSegment OneRestrictedProduct 01Belfast SolutionAdmin & ManagedCoreLegal Entity 1,Platform 1,Segment One,Belfast Solution,Product 01,Legal Entity 1,2025,0.000199200192866178
Platform 1Channel 1Segment OneSegment OneSegment OneRestrictedProduct 01Belfast SolutionAdmin & ManagedCoreLegal Entity 1,Platform 1,Segment One,Belfast Solution,Product 01,Legal Entity 1,2026,0.000197281912965334
Platform 1Channel 1Segment OneSegment OneSegment OneRestrictedProduct 01Belfast SolutionAdmin & ManagedCoreLegal Entity 1,Platform 1,Segment One,Belfast Solution,Product 01,Legal Entity 1,2027,0.000197281912965334
Platform 1Channel 1Segment OneSegment OneSegment OneRestrictedProduct 01Belfast SolutionAdmin & ManagedCoreLegal Entity 1,Platform 1,Segment One,Belfast Solution,Product 01,Legal Entity 1,2028,0.000197281912965334
Platform 1Channel 1Segment OneSegment OneSegment OneRestrictedProduct 01Manchester SolutionAdmin & ManagedCoreLegal Entity 2,Platform 1,Segment One,Manchester Solution,Product 01,Legal Entity 2,2025,0.00576081755920631
Platform 1Channel 1Segment OneSegment OneSegment OneRestrictedProduct 01Manchester SolutionAdmin & ManagedCoreLegal Entity 2,Platform 1,Segment One,Manchester Solution,Product 01,Legal Entity 2,2026,0.00575126215549122
Platform 1Channel 1Segment OneSegment OneSegment OneRestrictedProduct 01Manchester SolutionAdmin & ManagedCoreLegal Entity 2,Platform 1,Segment One,Manchester Solution,Product 01,Legal Entity 2,2027,0.00575126215549122
Platform 1Channel 1Segment OneSegment OneSegment OneRestrictedProduct 01Manchester SolutionAdmin & ManagedCoreLegal Entity 2,Platform 1,Segment One,Manchester Solution,Product 01,Legal Entity 2,2028,0.00575126215549122
Platform 1Channel 1Segment OneSegment OneSegment OneRestrictedProduct 01Manchester SolutionAdmin & ManagedCoreLegal Entity 1,Platform 1,Segment One,Manchester Solution,Product 01,Legal Entity 1,2025,0.000825257941874164
Platform 1Channel 1Segment OneSegment OneSegment OneRestrictedProduct 01Manchester SolutionAdmin & ManagedCoreLegal Entity 1,Platform 1,Segment One,Manchester Solution,Product 01,Legal Entity 1,2026,0.000823889095747265
Platform 1Channel 1Segment OneSegment OneSegment OneRestrictedProduct 01Manchester SolutionAdmin & ManagedCoreLegal Entity 1,Platform 1,Segment One,Manchester Solution,Product 01,Legal Entity 1,2027,0.000823889095747265
Platform 1Channel 1Segment OneSegment OneSegment OneRestrictedProduct 01Manchester SolutionAdmin & ManagedCoreLegal Entity 1,Platform 1,Segment One,Manchester Solution,Product 01,Legal Entity 1,2028,0.000823889095747265
Platform 1Channel 1Segment OneSegment OneSegment OneRestrictedProduct 01Chester SolutionAdmin & ManagedCoreLegal Entity 2,Platform 1,Segment One,Chester Solution,Product 01,Legal Entity 2,2025,0.00365735837977417
Platform 1Channel 1Segment OneSegment OneSegment OneRestrictedProduct 01Chester SolutionAdmin & ManagedCoreLegal Entity 2,Platform 1,Segment One,Chester Solution,Product 01,Legal Entity 2,2026,0.00365777788900577
Platform 1Channel 1Segment OneSegment OneSegment OneRestrictedProduct 01Chester SolutionAdmin & ManagedCoreLegal Entity 2,Platform 1,Segment One,Chester Solution,Product 01,Legal Entity 2,2027,0.00365777788900577
Platform 1Channel 1Segment OneSegment OneSegment OneRestrictedProduct 01Chester SolutionAdmin & ManagedCoreLegal Entity 2,Platform 1,Segment One,Chester Solution,Product 01,Legal Entity 2,2028,0.00365777788900577
Platform 1Channel 1Segment OneSegment OneSegment OneRestrictedProduct 01Lancaster SolutionAdmin & ManagedCoreLegal Entity 2,Platform 1,Segment One,Lancaster Solution,Product 01,Legal Entity 2,2025,0.0019583429098979
Platform 1Channel 1Segment OneSegment OneSegment OneRestrictedProduct 01Lancaster SolutionAdmin & ManagedCoreLegal Entity 2,Platform 1,Segment One,Lancaster Solution,Product 01,Legal Entity 2,2026,0.00194579340510291
Platform 1Channel 1Segment OneSegment OneSegment OneRestrictedProduct 01Lancaster SolutionAdmin & ManagedCoreLegal Entity 2,Platform 1,Segment One,Lancaster Solution,Product 01,Legal Entity 2,2027,0.00194579340510291
Platform 1Channel 1Segment OneSegment OneSegment OneRestrictedProduct 01Lancaster SolutionAdmin & ManagedCoreLegal Entity 2,Platform 1,Segment One,Lancaster Solution,Product 01,Legal Entity 2,2028,0.00194579340510291
Platform 1Channel 1Segment OneSegment OneSegment OneRestrictedProduct 01Lancaster SolutionAdmin & ManagedCoreLegal Entity 1,Platform 1,Segment One,Lancaster Solution,Product 01,Legal Entity 1,2025,9.22563105209716e-05
Platform 1Channel 1Segment OneSegment OneSegment OneRestrictedProduct 01Lancaster SolutionAdmin & ManagedCoreLegal Entity 1,Platform 1,Segment One,Lancaster Solution,Product 01,Legal Entity 1,2026,9.166511119352e-05
Platform 1Channel 1Segment OneSegment OneSegment OneRestrictedProduct 01Lancaster SolutionAdmin & ManagedCoreLegal Entity 1,Platform 1,Segment One,Lancaster Solution,Product 01,Legal Entity 1,2027,9.166511119352e-05
Platform 1Channel 1Segment OneSegment OneSegment OneRestrictedProduct 01Lancaster SolutionAdmin & ManagedCoreLegal Entity 1,Platform 1,Segment One,Lancaster Solution,Product 01,Legal Entity 1,2028,9.166511119352e-05
Platform 1Channel 1Segment OneSegment OneSegment OneRestrictedProduct 01Derby SolutionAdmin & ManagedCoreLegal Entity 1,Platform 1,Segment One,Derby Solution,Product 01,Legal Entity 1,2025,0
Platform 1Channel 1Segment OneSegment OneSegment OneRestrictedProduct 01Derby SolutionAdmin & ManagedCoreLegal Entity 1,Platform 1,Segment One,Derby Solution,Product 01,Legal Entity 1,2026,0
Platform 1Channel 1Segment OneSegment OneSegment OneRestrictedProduct 01Derby SolutionAdmin & ManagedCoreLegal Entity 1,Platform 1,Segment One,Derby Solution,Product 01,Legal Entity 1,2027,0
Platform 1Channel 1Segment OneSegment OneSegment OneRestrictedProduct 01Derby SolutionAdmin & ManagedCoreLegal Entity 1,Platform 1,Segment One,Derby Solution,Product 01,Legal Entity 1,2028,0
Platform 1Channel 1Segment OneSegment OneSegment OneRestrictedProduct 01Sheffield SolutionAdmin & ManagedCoreLegal Entity 1,Platform 1,Segment One,Sheffield Solution,Product 01,Legal Entity 1,2025,0
Platform 1Channel 1Segment OneSegment OneSegment OneRestrictedProduct 01Sheffield SolutionAdmin & ManagedCoreLegal Entity 1,Platform 1,Segment One,Sheffield Solution,Product 01,Legal Entity 1,2026,0
Platform 1Channel 1Segment OneSegment OneSegment OneRestrictedProduct 01Sheffield SolutionAdmin & ManagedCoreLegal Entity 1,Platform 1,Segment One,Sheffield Solution,Product 01,Legal Entity 1,2027,0
Platform 1Channel 1Segment OneSegment OneSegment OneRestrictedProduct 01Sheffield SolutionAdmin & ManagedCoreLegal Entity 1,Platform 1,Segment One,Sheffield Solution,Product 01,Legal Entity 1,2028,0
Platform 1Channel 1Segment OneSegment OneSegment OneRestrictedProduct 01Lincoln SolutionAdmin & ManagedCoreLegal Entity 1,Platform 1,Segment One,Lincoln Solution,Product 01,Legal Entity 1,2025,0.000291724245581862
Platform 1Channel 1Segment OneSegment OneSegment OneRestrictedProduct 01Lincoln SolutionAdmin & ManagedCoreLegal Entity 1,Platform 1,Segment One,Lincoln Solution,Product 01,Legal Entity 1,2026,0.000289727267567984
Platform 1Channel 1Segment OneSegment OneSegment OneRestrictedProduct 01Lincoln SolutionAdmin & ManagedCoreLegal Entity 1,Platform 1,Segment One,Lincoln Solution,Product 01,Legal Entity 1,2027,0.000289727267567984
Platform 1Channel 1Segment OneSegment OneSegment OneRestrictedProduct 01Lincoln SolutionAdmin & ManagedCoreLegal Entity 1,Platform 1,Segment One,Lincoln Solution,Product 01,Legal Entity 1,2028,0.000289727267567984
Platform 1Channel 1Segment OneSegment OneSegment OneRestrictedProduct 01Portsmouth SolutionAdmin & ManagedCoreLegal Entity 1,Platform 1,Segment One,Portsmouth Solution,Product 01,Legal Entity 1,2025,0.000396067203749859
Platform 1Channel 1Segment OneSegment OneSegment OneRestrictedProduct 01Portsmouth SolutionAdmin & ManagedCoreLegal Entity 1,Platform 1,Segment One,Portsmouth Solution,Product 01,Legal Entity 1,2026,0.00039213600256435
Platform 1Channel 1Segment OneSegment OneSegment OneRestrictedProduct 01Portsmouth SolutionAdmin & ManagedCoreLegal Entity 1,Platform 1,Segment One,Portsmouth Solution,Product 01,Legal Entity 1,2027,0.00039213600256435
Platform 1Channel 1Segment OneSegment OneSegment OneRestrictedProduct 01Portsmouth SolutionAdmin & ManagedCoreLegal Entity 1,Platform 1,Segment One,Portsmouth Solution,Product 01,Legal Entity 1,2028,0.00039213600256435
Platform 1Channel 1Segment OneSegment OneSegment OneRestrictedProduct 04London SolutionAdmin & ManagedCoreLegal Entity 1,Platform 1,Segment One,London Solution,Product 04,Legal Entity 1,2025,0.00235945896646235
Platform 1Channel 1Segment OneSegment OneSegment OneRestrictedProduct 04London SolutionAdmin & ManagedCoreLegal Entity 1,Platform 1,Segment One,London Solution,Product 04,Legal Entity 1,2026,0.00235631869735906
Platform 1Channel 1Segment OneSegment OneSegment OneRestrictedProduct 04London SolutionAdmin & ManagedCoreLegal Entity 1,Platform 1,Segment One,London Solution,Product 04,Legal Entity 1,2027,0.00235631869735906
Platform 1Channel 1Segment OneSegment OneSegment OneRestrictedProduct 04London SolutionAdmin & ManagedCoreLegal Entity 1,Platform 1,Segment One,London Solution,Product 04,Legal Entity 1,2028,0.00235631869735906
Platform 1Channel 1Segment OneSegment OneSegment OneRestrictedProduct 04Birmingham SolutionAdmin & ManagedCoreLegal Entity 1,Platform 1,Segment One,Birmingham Solution,Product 04,Legal Entity 1,2025,0.00151932220833915
Platform 1Channel 1Segment OneSegment OneSegment OneRestrictedProduct 04Birmingham SolutionAdmin & ManagedCoreLegal Entity 1,Platform 1,Segment One,Birmingham Solution,Product 04,Legal Entity 1,2026,0.00151888864481347
Platform 1Channel 1Segment OneSegment OneSegment OneRestrictedProduct 04Birmingham SolutionAdmin & ManagedCoreLegal Entity 1,Platform 1,Segment One,Birmingham Solution,Product 04,Legal Entity 1,2027,0.00151888864481347
Platform 1Channel 1Segment OneSegment OneSegment OneRestrictedProduct 04Birmingham SolutionAdmin & ManagedCoreLegal Entity 1,Platform 1,Segment One,Birmingham Solution,Product 04,Legal Entity 1,2028,0.00151888864481347
Platform 1Channel 1Segment OneSegment OneSegment OneRestrictedProduct 04Liverpool SolutionAdmin & ManagedCoreLegal Entity 1,Platform 1,Segment One,Liverpool Solution,Product 04,Legal Entity 1,2025,0.00348064853126385
Platform 1Channel 1Segment OneSegment OneSegment OneRestrictedProduct 04Liverpool SolutionAdmin & ManagedCoreLegal Entity 1,Platform 1,Segment One,Liverpool Solution,Product 04,Legal Entity 1,2026,0.00348163752328637
Platform 1Channel 1Segment OneSegment OneSegment OneRestrictedProduct 04Liverpool SolutionAdmin & ManagedCoreLegal Entity 1,Platform 1,Segment One,Liverpool Solution,Product 04,Legal Entity 1,2027,0.00348163752328637
Platform 1Channel 1Segment OneSegment OneSegment OneRestrictedProduct 04Liverpool SolutionAdmin & ManagedCoreLegal Entity 1,Platform 1,Segment One,Liverpool Solution,Product 04,Legal Entity 1,2028,0.00348163752328637
Platform 1Channel 1Segment OneSegment OneSegment OneRestrictedProduct 04External SolutionAdmin onlyCoreLegal Entity 2,Platform 1,Segment One,External Solution,Product 04,Legal Entity 2,2025,0.00521684191732022
Platform 1Channel 1Segment OneSegment OneSegment OneRestrictedProduct 04External SolutionAdmin onlyCoreLegal Entity 2,Platform 1,Segment One,External Solution,Product 04,Legal Entity 2,2026,0.00521416046238578
Platform 1Channel 1Segment OneSegment OneSegment OneRestrictedProduct 04External SolutionAdmin onlyCoreLegal Entity 2,Platform 1,Segment One,External Solution,Product 04,Legal Entity 2,2027,0.00521416046238578
Platform 1Channel 1Segment OneSegment OneSegment OneRestrictedProduct 04External SolutionAdmin onlyCoreLegal Entity 2,Platform 1,Segment One,External Solution,Product 04,Legal Entity 2,2028,0.00521416046238578
Platform 1Channel 1Segment OneSegment OneSegment OneRestrictedProduct 04Leeds SolutionAdmin onlyCoreLegal Entity 2,Platform 1,Segment One,Leeds Solution,Product 04,Legal Entity 2,2025,0.00431726639197082
Platform 1Channel 1Segment OneSegment OneSegment OneRestrictedProduct 04Leeds SolutionAdmin onlyCoreLegal Entity 2,Platform 1,Segment One,Leeds Solution,Product 04,Legal Entity 2,2026,0.00432239163185862
Platform 1Channel 1Segment OneSegment OneSegment OneRestrictedProduct 04Leeds SolutionAdmin onlyCoreLegal Entity 2,Platform 1,Segment One,Leeds Solution,Product 04,Legal Entity 2,2027,0.00432239163185862
Platform 1Channel 1Segment OneSegment OneSegment OneRestrictedProduct 04Leeds SolutionAdmin onlyCoreLegal Entity 2,Platform 1,Segment One,Leeds Solution,Product 04,Legal Entity 2,2028,0.00432239163185862
Platform 1Channel 1Segment OneSegment OneSegment OneRestrictedProduct 04Cardiff SolutionAdmin & ManagedCoreLegal Entity 2,Platform 1,Segment One,Cardiff Solution,Product 04,Legal Entity 2,2025,0.00126944224290237
Platform 1Channel 1Segment OneSegment OneSegment OneRestrictedProduct 04Cardiff SolutionAdmin & ManagedCoreLegal Entity 2,Platform 1,Segment One,Cardiff Solution,Product 04,Legal Entity 2,2026,0.00126852147139836
Platform 1Channel 1Segment OneSegment OneSegment OneRestrictedProduct 04Cardiff SolutionAdmin & ManagedCoreLegal Entity 2,Platform 1,Segment One,Cardiff Solution,Product 04,Legal Entity 2,2027,0.00126852147139836
Platform 1Channel 1Segment OneSegment OneSegment OneRestrictedProduct 04Cardiff SolutionAdmin & ManagedCoreLegal Entity 2,Platform 1,Segment One,Cardiff Solution,Product 04,Legal Entity 2,2028,0.00126852147139836
Platform 1Channel 1Segment OneSegment OneSegment OneRestrictedProduct 04Cardiff SolutionAdmin & ManagedCoreLegal Entity 1,Platform 1,Segment One,Cardiff Solution,Product 04,Legal Entity 1,2025,0.00504036156211965
Platform 1Channel 1Segment OneSegment OneSegment OneRestrictedProduct 04Cardiff SolutionAdmin & ManagedCoreLegal Entity 1,Platform 1,Segment One,Cardiff Solution,Product 04,Legal Entity 1,2026,0.00503670560902506
Platform 1Channel 1Segment OneSegment OneSegment OneRestrictedProduct 04Cardiff SolutionAdmin & ManagedCoreLegal Entity 1,Platform 1,Segment One,Cardiff Solution,Product 04,Legal Entity 1,2027,0.00503670560902506
Platform 1Channel 1Segment OneSegment OneSegment OneRestrictedProduct 04Cardiff SolutionAdmin & ManagedCoreLegal Entity 1,Platform 1,Segment One,Cardiff Solution,Product 04,Legal Entity 1,2028,0.00503670560902506
Platform 1Channel 1Segment OneSegment OneSegment OneRestrictedProduct 04Glasgow SolutionAdmin & ManagedCoreLegal Entity 2,Platform 1,Segment One,Glasgow Solution,Product 04,Legal Entity 2,2025,0.00335794610831556
Platform 1Channel 1Segment OneSegment OneSegment OneRestrictedProduct 04Glasgow SolutionAdmin & ManagedCoreLegal Entity 2,Platform 1,Segment One,Glasgow Solution,Product 04,Legal Entity 2,2026,0.00336025720046661
Platform 1Channel 1Segment OneSegment OneSegment OneRestrictedProduct 04Glasgow SolutionAdmin & ManagedCoreLegal Entity 2,Platform 1,Segment One,Glasgow Solution,Product 04,Legal Entity 2,2027,0.00336025720046661
Platform 1Channel 1Segment OneSegment OneSegment OneRestrictedProduct 04Glasgow SolutionAdmin & ManagedCoreLegal Entity 2,Platform 1,Segment One,Glasgow Solution,Product 04,Legal Entity 2,2028,0.00336025720046661
Platform 1Channel 1Segment OneSegment OneSegment OneRestrictedProduct 04Glasgow SolutionAdmin & ManagedCoreLegal Entity 1,Platform 1,Segment One,Glasgow Solution,Product 04,Legal Entity 1,2025,0.00360686985162837
Platform 1Channel 1Segment OneSegment OneSegment OneRestrictedProduct 04Glasgow SolutionAdmin & ManagedCoreLegal Entity 1,Platform 1,Segment One,Glasgow Solution,Product 04,Legal Entity 1,2026,0.00360935226448881
Platform 1Channel 1Segment OneSegment OneSegment OneRestrictedProduct 04Glasgow SolutionAdmin & ManagedCoreLegal Entity 1,Platform 1,Segment One,Glasgow Solution,Product 04,Legal Entity 1,2027,0.00360935226448881
Platform 1Channel 1Segment OneSegment OneSegment OneRestrictedProduct 04Glasgow SolutionAdmin & ManagedCoreLegal Entity 1,Platform 1,Segment One,Glasgow Solution,Product 04,Legal Entity 1,2028,0.00360935226448881
Platform 1Channel 1Segment OneSegment OneSegment OneRestrictedProduct 04Newcastle SolutionAdmin & ManagedCoreLegal Entity 2,Platform 1,Segment One,Newcastle Solution,Product 04,Legal Entity 2,2025,0.00188218937994465
Platform 1Channel 1Segment OneSegment OneSegment OneRestrictedProduct 04Newcastle SolutionAdmin & ManagedCoreLegal Entity 2,Platform 1,Segment One,Newcastle Solution,Product 04,Legal Entity 2,2026,0.00188372268971145
Platform 1Channel 1Segment OneSegment OneSegment OneRestrictedProduct 04Newcastle SolutionAdmin & ManagedCoreLegal Entity 2,Platform 1,Segment One,Newcastle Solution,Product 04,Legal Entity 2,2027,0.00188372268971145
Platform 1Channel 1Segment OneSegment OneSegment OneRestrictedProduct 04Newcastle SolutionAdmin & ManagedCoreLegal Entity 2,Platform 1,Segment One,Newcastle Solution,Product 04,Legal Entity 2,2028,0.00188372268971145
Platform 1Channel 1Segment OneSegment OneSegment OneRestrictedProduct 04Manchester SolutionAdmin & ManagedCoreLegal Entity 2,Platform 1,Segment One,Manchester Solution,Product 04,Legal Entity 2,2025,0.0024856420379419
Platform 1Channel 1Segment OneSegment OneSegment OneRestrictedProduct 04Manchester SolutionAdmin & ManagedCoreLegal Entity 2,Platform 1,Segment One,Manchester Solution,Product 04,Legal Entity 2,2026,0.00248151913126769
Platform 1Channel 1Segment OneSegment OneSegment OneRestrictedProduct 04Manchester SolutionAdmin & ManagedCoreLegal Entity 2,Platform 1,Segment One,Manchester Solution,Product 04,Legal Entity 2,2027,0.00248151913126769
Platform 1Channel 1Segment OneSegment OneSegment OneRestrictedProduct 04Manchester SolutionAdmin & ManagedCoreLegal Entity 2,Platform 1,Segment One,Manchester Solution,Product 04,Legal Entity 2,2028,0.00248151913126769
Platform 1Channel 1Segment OneSegment OneSegment OneRestrictedProduct 04Manchester SolutionAdmin & ManagedCoreLegal Entity 1,Platform 1,Segment One,Manchester Solution,Product 04,Legal Entity 1,2025,0.000396679185909203
Platform 1Channel 1Segment OneSegment OneSegment OneRestrictedProduct 04Manchester SolutionAdmin & ManagedCoreLegal Entity 1,Platform 1,Segment One,Manchester Solution,Product 04,Legal Entity 1,2026,0.000396021218575959
Platform 1Channel 1Segment OneSegment OneSegment OneRestrictedProduct 04Manchester SolutionAdmin & ManagedCoreLegal Entity 1,Platform 1,Segment One,Manchester Solution,Product 04,Legal Entity 1,2027,0.000396021218575959
Platform 1Channel 1Segment OneSegment OneSegment OneRestrictedProduct 04Manchester SolutionAdmin & ManagedCoreLegal Entity 1,Platform 1,Segment One,Manchester Solution,Product 04,Legal Entity 1,2028,0.000396021218575959
Platform 1Channel 1Segment OneSegment OneSegment OneRestrictedProduct 04Sheffield SolutionAdmin & ManagedCoreLegal Entity 1,Platform 1,Segment One,Sheffield Solution,Product 04,Legal Entity 1,2025,0
Platform 1Channel 1Segment OneSegment OneSegment OneRestrictedProduct 04Sheffield SolutionAdmin & ManagedCoreLegal Entity 1,Platform 1,Segment One,Sheffield Solution,Product 04,Legal Entity 1,2026,0
Platform 1Channel 1Segment OneSegment OneSegment OneRestrictedProduct 04Sheffield SolutionAdmin & ManagedCoreLegal Entity 1,Platform 1,Segment One,Sheffield Solution,Product 04,Legal Entity 1,2027,0
Platform 1Channel 1Segment OneSegment OneSegment OneRestrictedProduct 04Sheffield SolutionAdmin & ManagedCoreLegal Entity 1,Platform 1,Segment One,Sheffield Solution,Product 04,Legal Entity 1,2028,0
Platform 1Channel 1Segment OneSegment OneSegment OneRestrictedProduct 02Leeds SolutionAdmin onlyCoreLegal Entity 2,Platform 1,Segment One,Leeds Solution,Product 02,Legal Entity 2,2025,0.180095678055769
Platform 1Channel 1Segment OneSegment OneSegment OneRestrictedProduct 02Leeds SolutionAdmin onlyCoreLegal Entity 2,Platform 1,Segment One,Leeds Solution,Product 02,Legal Entity 2,2026,0.180309478518606
Platform 1Channel 1Segment OneSegment OneSegment OneRestrictedProduct 02Leeds SolutionAdmin onlyCoreLegal Entity 2,Platform 1,Segment One,Leeds Solution,Product 02,Legal Entity 2,2027,0.180309478518606
Platform 1Channel 1Segment OneSegment OneSegment OneRestrictedProduct 02Leeds SolutionAdmin onlyCoreLegal Entity 2,Platform 1,Segment One,Leeds Solution,Product 02,Legal Entity 2,2028,0.180309478518606
Platform 1Channel 1Segment OneSegment OneSegment OneRestrictedProduct 02Southampton SolutionAdmin onlyCoreLegal Entity 2,Platform 1,Segment One,Southampton Solution,Product 02,Legal Entity 2,2025,0.000348791581940605
Platform 1Channel 1Segment OneSegment OneSegment OneRestrictedProduct 02Southampton SolutionAdmin onlyCoreLegal Entity 2,Platform 1,Segment One,Southampton Solution,Product 02,Legal Entity 2,2026,0.000342923639114244
Platform 1Channel 1Segment OneSegment OneSegment OneRestrictedProduct 02Southampton SolutionAdmin onlyCoreLegal Entity 2,Platform 1,Segment One,Southampton Solution,Product 02,Legal Entity 2,2027,0.000342923639114244
Platform 1Channel 1Segment OneSegment OneSegment OneRestrictedProduct 02Southampton SolutionAdmin onlyCoreLegal Entity 2,Platform 1,Segment One,Southampton Solution,Product 02,Legal Entity 2,2028,0.000342923639114244
Platform 1Channel 1Segment OneSegment OneSegment OneRestrictedProduct 02Cardiff SolutionAdmin & ManagedCoreLegal Entity 2,Platform 1,Segment One,Cardiff Solution,Product 02,Legal Entity 2,2025,0.0113681805919573
Platform 1Channel 1Segment OneSegment OneSegment OneRestrictedProduct 02Cardiff SolutionAdmin & ManagedCoreLegal Entity 2,Platform 1,Segment One,Cardiff Solution,Product 02,Legal Entity 2,2026,0.0113599348471823
Platform 1Channel 1Segment OneSegment OneSegment OneRestrictedProduct 02Cardiff SolutionAdmin & ManagedCoreLegal Entity 2,Platform 1,Segment One,Cardiff Solution,Product 02,Legal Entity 2,2027,0.0113599348471823
Platform 1Channel 1Segment OneSegment OneSegment OneRestrictedProduct 02Cardiff SolutionAdmin & ManagedCoreLegal Entity 2,Platform 1,Segment One,Cardiff Solution,Product 02,Legal Entity 2,2028,0.0113599348471823
Platform 1Channel 1Segment OneSegment OneSegment OneRestrictedProduct 02Cardiff SolutionAdmin & ManagedCoreLegal Entity 1,Platform 1,Segment One,Cardiff Solution,Product 02,Legal Entity 1,2025,0.0457418032735155
Platform 1Channel 1Segment OneSegment OneSegment OneRestrictedProduct 02Cardiff SolutionAdmin & ManagedCoreLegal Entity 1,Platform 1,Segment One,Cardiff Solution,Product 02,Legal Entity 1,2026,0.0457086251204864
Platform 1Channel 1Segment OneSegment OneSegment OneRestrictedProduct 02Cardiff SolutionAdmin & ManagedCoreLegal Entity 1,Platform 1,Segment One,Cardiff Solution,Product 02,Legal Entity 1,2027,0.0457086251204864
Platform 1Channel 1Segment OneSegment OneSegment OneRestrictedProduct 02Cardiff SolutionAdmin & ManagedCoreLegal Entity 1,Platform 1,Segment One,Cardiff Solution,Product 02,Legal Entity 1,2028,0.0457086251204864
Platform 1Channel 1Segment OneSegment OneSegment OneRestrictedProduct 02Glasgow SolutionAdmin & ManagedCoreLegal Entity 2,Platform 1,Segment One,Glasgow Solution,Product 02,Legal Entity 2,2025,0.0773114001987336
Platform 1Channel 1Segment OneSegment OneSegment OneRestrictedProduct 02Glasgow SolutionAdmin & ManagedCoreLegal Entity 2,Platform 1,Segment One,Glasgow Solution,Product 02,Legal Entity 2,2026,0.0773646094416525
Platform 1Channel 1Segment OneSegment OneSegment OneRestrictedProduct 02Glasgow SolutionAdmin & ManagedCoreLegal Entity 2,Platform 1,Segment One,Glasgow Solution,Product 02,Legal Entity 2,2027,0.0773646094416525
Platform 1Channel 1Segment OneSegment OneSegment OneRestrictedProduct 02Glasgow SolutionAdmin & ManagedCoreLegal Entity 2,Platform 1,Segment One,Glasgow Solution,Product 02,Legal Entity 2,2028,0.0773646094416525
Platform 1Channel 1Segment OneSegment OneSegment OneRestrictedProduct 02Glasgow SolutionAdmin & ManagedCoreLegal Entity 1,Platform 1,Segment One,Glasgow Solution,Product 02,Legal Entity 1,2025,0.0808654865891186
Platform 1Channel 1Segment OneSegment OneSegment OneRestrictedProduct 02Glasgow SolutionAdmin & ManagedCoreLegal Entity 1,Platform 1,Segment One,Glasgow Solution,Product 02,Legal Entity 1,2026,0.0809211419169048
Platform 1Channel 1Segment OneSegment OneSegment OneRestrictedProduct 02Glasgow SolutionAdmin & ManagedCoreLegal Entity 1,Platform 1,Segment One,Glasgow Solution,Product 02,Legal Entity 1,2027,0.0809211419169048
Platform 1Channel 1Segment OneSegment OneSegment OneRestrictedProduct 02Glasgow SolutionAdmin & ManagedCoreLegal Entity 1,Platform 1,Segment One,Glasgow Solution,Product 02,Legal Entity 1,2028,0.0809211419169048
Platform 1Channel 1Segment OneSegment OneSegment OneRestrictedProduct 02Newcastle SolutionAdmin & ManagedCoreLegal Entity 2,Platform 1,Segment One,Newcastle Solution,Product 02,Legal Entity 2,2025,0.0700414346345872
Platform 1Channel 1Segment OneSegment OneSegment OneRestrictedProduct 02Newcastle SolutionAdmin & ManagedCoreLegal Entity 2,Platform 1,Segment One,Newcastle Solution,Product 02,Legal Entity 2,2026,0.0700984933009202
Platform 1Channel 1Segment OneSegment OneSegment OneRestrictedProduct 02Newcastle SolutionAdmin & ManagedCoreLegal Entity 2,Platform 1,Segment One,Newcastle Solution,Product 02,Legal Entity 2,2027,0.0700984933009202
Platform 1Channel 1Segment OneSegment OneSegment OneRestrictedProduct 02Newcastle SolutionAdmin & ManagedCoreLegal Entity 2,Platform 1,Segment One,Newcastle Solution,Product 02,Legal Entity 2,2028,0.0700984933009202
Platform 1Channel 1Segment OneSegment OneSegment OneRestrictedProduct 02Belfast SolutionAdmin & ManagedCoreLegal Entity 2,Platform 1,Segment One,Belfast Solution,Product 02,Legal Entity 2,2025,0.00436519224482438
Platform 1Channel 1Segment OneSegment OneSegment OneRestrictedProduct 02Belfast SolutionAdmin & ManagedCoreLegal Entity 2,Platform 1,Segment One,Belfast Solution,Product 02,Legal Entity 2,2026,0.00432315583699725
Platform 1Channel 1Segment OneSegment OneSegment OneRestrictedProduct 02Belfast SolutionAdmin & ManagedCoreLegal Entity 2,Platform 1,Segment One,Belfast Solution,Product 02,Legal Entity 2,2027,0.00432315583699725
Platform 1Channel 1Segment OneSegment OneSegment OneRestrictedProduct 02Belfast SolutionAdmin & ManagedCoreLegal Entity 2,Platform 1,Segment One,Belfast Solution,Product 02,Legal Entity 2,2028,0.00432315583699725
Platform 1Channel 1Segment OneSegment OneSegment OneRestrictedProduct 02Belfast SolutionAdmin & ManagedCoreLegal Entity 1,Platform 1,Segment One,Belfast Solution,Product 02,Legal Entity 1,2025,0.00108401164862142
Platform 1Channel 1Segment OneSegment OneSegment OneRestrictedProduct 02Belfast SolutionAdmin & ManagedCoreLegal Entity 1,Platform 1,Segment One,Belfast Solution,Product 02,Legal Entity 1,2026,0.00107357271416101
Platform 1Channel 1Segment OneSegment OneSegment OneRestrictedProduct 02Belfast SolutionAdmin & ManagedCoreLegal Entity 1,Platform 1,Segment One,Belfast Solution,Product 02,Legal Entity 1,2027,0.00107357271416101
Platform 1Channel 1Segment OneSegment OneSegment OneRestrictedProduct 02Belfast SolutionAdmin & ManagedCoreLegal Entity 1,Platform 1,Segment One,Belfast Solution,Product 02,Legal Entity 1,2028,0.00107357271416101
Platform 1Channel 1Segment OneSegment OneSegment OneRestrictedProduct 02Manchester SolutionAdmin & ManagedCoreLegal Entity 2,Platform 1,Segment One,Manchester Solution,Product 02,Legal Entity 2,2025,0.0190995807042484
Platform 1Channel 1Segment OneSegment OneSegment OneRestrictedProduct 02Manchester SolutionAdmin & ManagedCoreLegal Entity 2,Platform 1,Segment One,Manchester Solution,Product 02,Legal Entity 2,2026,0.0190679004431496
Platform 1Channel 1Segment OneSegment OneSegment OneRestrictedProduct 02Manchester SolutionAdmin & ManagedCoreLegal Entity 2,Platform 1,Segment One,Manchester Solution,Product 02,Legal Entity 2,2027,0.0190679004431496
Platform 1Channel 1Segment OneSegment OneSegment OneRestrictedProduct 02Manchester SolutionAdmin & ManagedCoreLegal Entity 2,Platform 1,Segment One,Manchester Solution,Product 02,Legal Entity 2,2028,0.0190679004431496
Platform 1Channel 1Segment OneSegment OneSegment OneRestrictedProduct 02Manchester SolutionAdmin & ManagedCoreLegal Entity 1,Platform 1,Segment One,Manchester Solution,Product 02,Legal Entity 1,2025,0.00257567991313525
Platform 1Channel 1Segment OneSegment OneSegment OneRestrictedProduct 02Manchester SolutionAdmin & ManagedCoreLegal Entity 1,Platform 1,Segment One,Manchester Solution,Product 02,Legal Entity 1,2026,0.00257140766164353
Platform 1Channel 1Segment OneSegment OneSegment OneRestrictedProduct 02Manchester SolutionAdmin & ManagedCoreLegal Entity 1,Platform 1,Segment One,Manchester Solution,Product 02,Legal Entity 1,2027,0.00257140766164353
Platform 1Channel 1Segment OneSegment OneSegment OneRestrictedProduct 02Manchester SolutionAdmin & ManagedCoreLegal Entity 1,Platform 1,Segment One,Manchester Solution,Product 02,Legal Entity 1,2028,0.00257140766164353
Platform 1Channel 1Segment OneSegment OneSegment OneRestrictedProduct 02Chester SolutionAdmin & ManagedCoreLegal Entity 2,Platform 1,Segment One,Chester Solution,Product 02,Legal Entity 2,2025,0.0177583070553931
Platform 1Channel 1Segment OneSegment OneSegment OneRestrictedProduct 02Chester SolutionAdmin & ManagedCoreLegal Entity 2,Platform 1,Segment One,Chester Solution,Product 02,Legal Entity 2,2026,0.017760343982862
Platform 1Channel 1Segment OneSegment OneSegment OneRestrictedProduct 02Chester SolutionAdmin & ManagedCoreLegal Entity 2,Platform 1,Segment One,Chester Solution,Product 02,Legal Entity 2,2027,0.017760343982862
Platform 1Channel 1Segment OneSegment OneSegment OneRestrictedProduct 02Chester SolutionAdmin & ManagedCoreLegal Entity 2,Platform 1,Segment One,Chester Solution,Product 02,Legal Entity 2,2028,0.017760343982862
Platform 1Channel 1Segment OneSegment OneSegment OneRestrictedProduct 02Lancaster SolutionAdmin & ManagedCoreLegal Entity 2,Platform 1,Segment One,Lancaster Solution,Product 02,Legal Entity 2,2025,0.0063622812751857
Platform 1Channel 1Segment OneSegment OneSegment OneRestrictedProduct 02Lancaster SolutionAdmin & ManagedCoreLegal Entity 2,Platform 1,Segment One,Lancaster Solution,Product 02,Legal Entity 2,2026,0.00632151033616041
Platform 1Channel 1Segment OneSegment OneSegment OneRestrictedProduct 02Lancaster SolutionAdmin & ManagedCoreLegal Entity 2,Platform 1,Segment One,Lancaster Solution,Product 02,Legal Entity 2,2027,0.00632151033616041
Platform 1Channel 1Segment OneSegment OneSegment OneRestrictedProduct 02Lancaster SolutionAdmin & ManagedCoreLegal Entity 2,Platform 1,Segment One,Lancaster Solution,Product 02,Legal Entity 2,2028,0.00632151033616041
Platform 1Channel 1Segment OneSegment OneSegment OneRestrictedProduct 02Lancaster SolutionAdmin & ManagedCoreLegal Entity 1,Platform 1,Segment One,Lancaster Solution,Product 02,Legal Entity 1,2025,0.000439517937063219
Platform 1Channel 1Segment OneSegment OneSegment OneRestrictedProduct 02Lancaster SolutionAdmin & ManagedCoreLegal Entity 1,Platform 1,Segment One,Lancaster Solution,Product 02,Legal Entity 1,2026,0.000436701406602296
Platform 1Channel 1Segment OneSegment OneSegment OneRestrictedProduct 02Lancaster SolutionAdmin & ManagedCoreLegal Entity 1,Platform 1,Segment One,Lancaster Solution,Product 02,Legal Entity 1,2027,0.000436701406602296
Platform 1Channel 1Segment OneSegment OneSegment OneRestrictedProduct 02Lancaster SolutionAdmin & ManagedCoreLegal Entity 1,Platform 1,Segment One,Lancaster Solution,Product 02,Legal Entity 1,2028,0.000436701406602296
Platform 1Channel 1Segment OneSegment OneSegment OneRestrictedProduct 02Sheffield SolutionAdmin & ManagedCoreLegal Entity 1,Platform 1,Segment One,Sheffield Solution,Product 02,Legal Entity 1,2025,0
Platform 1Channel 1Segment OneSegment OneSegment OneRestrictedProduct 02Sheffield SolutionAdmin & ManagedCoreLegal Entity 1,Platform 1,Segment One,Sheffield Solution,Product 02,Legal Entity 1,2026,0
Platform 1Channel 1Segment OneSegment OneSegment OneRestrictedProduct 02Sheffield SolutionAdmin & ManagedCoreLegal Entity 1,Platform 1,Segment One,Sheffield Solution,Product 02,Legal Entity 1,2027,0
Platform 1Channel 1Segment OneSegment OneSegment OneRestrictedProduct 02Sheffield SolutionAdmin & ManagedCoreLegal Entity 1,Platform 1,Segment One,Sheffield Solution,Product 02,Legal Entity 1,2028,0
Platform 1Channel 1Segment OneSegment OneSegment OneRestrictedProduct 02Portsmouth SolutionAdmin & ManagedCoreLegal Entity 1,Platform 1,Segment One,Portsmouth Solution,Product 02,Legal Entity 1,2025,0.00199460285283898
Platform 1Channel 1Segment OneSegment OneSegment OneRestrictedProduct 02Portsmouth SolutionAdmin & ManagedCoreLegal Entity 1,Platform 1,Segment One,Portsmouth Solution,Product 02,Legal Entity 1,2026,0.00197480524014734
Platform 1Channel 1Segment OneSegment OneSegment OneRestrictedProduct 02Portsmouth SolutionAdmin & ManagedCoreLegal Entity 1,Platform 1,Segment One,Portsmouth Solution,Product 02,Legal Entity 1,2027,0.00197480524014734
Platform 1Channel 1Segment OneSegment OneSegment OneRestrictedProduct 02Portsmouth SolutionAdmin & ManagedCoreLegal Entity 1,Platform 1,Segment One,Portsmouth Solution,Product 02,Legal Entity 1,2028,0.00197480524014734
Platform 1Channel 1Segment OneSegment OneSegment OneRestrictedProduct 03London SolutionAdmin & ManagedCoreLegal Entity 1,Platform 1,Segment One,London Solution,Product 03,Legal Entity 1,2025,0.0073959956400861
Platform 1Channel 1Segment OneSegment OneSegment OneRestrictedProduct 03London SolutionAdmin & ManagedCoreLegal Entity 1,Platform 1,Segment One,London Solution,Product 03,Legal Entity 1,2026,0.00738615210522207
Platform 1Channel 1Segment OneSegment OneSegment OneRestrictedProduct 03London SolutionAdmin & ManagedCoreLegal Entity 1,Platform 1,Segment One,London Solution,Product 03,Legal Entity 1,2027,0.00738615210522207
Platform 1Channel 1Segment OneSegment OneSegment OneRestrictedProduct 03London SolutionAdmin & ManagedCoreLegal Entity 1,Platform 1,Segment One,London Solution,Product 03,Legal Entity 1,2028,0.00738615210522207
Platform 1Channel 1Segment OneSegment OneSegment OneRestrictedProduct 03Liverpool SolutionAdmin & ManagedCoreLegal Entity 1,Platform 1,Segment One,Liverpool Solution,Product 03,Legal Entity 1,2025,0.0203565155617692
Platform 1Channel 1Segment OneSegment OneSegment OneRestrictedProduct 03Liverpool SolutionAdmin & ManagedCoreLegal Entity 1,Platform 1,Segment One,Liverpool Solution,Product 03,Legal Entity 1,2026,0.0203622996653108
Platform 1Channel 1Segment OneSegment OneSegment OneRestrictedProduct 03Liverpool SolutionAdmin & ManagedCoreLegal Entity 1,Platform 1,Segment One,Liverpool Solution,Product 03,Legal Entity 1,2027,0.0203622996653108
Platform 1Channel 1Segment OneSegment OneSegment OneRestrictedProduct 03Liverpool SolutionAdmin & ManagedCoreLegal Entity 1,Platform 1,Segment One,Liverpool Solution,Product 03,Legal Entity 1,2028,0.0203622996653108
Platform 1Channel 1Segment OneSegment OneSegment OneRestrictedProduct 03Leeds SolutionAdmin onlyCoreLegal Entity 2,Platform 1,Segment One,Leeds Solution,Product 03,Legal Entity 2,2025,0.0516941329997113
Platform 1Channel 1Segment OneSegment OneSegment OneRestrictedProduct 03Leeds SolutionAdmin onlyCoreLegal Entity 2,Platform 1,Segment One,Leeds Solution,Product 03,Legal Entity 2,2026,0.0517555016548649
Platform 1Channel 1Segment OneSegment OneSegment OneRestrictedProduct 03Leeds SolutionAdmin onlyCoreLegal Entity 2,Platform 1,Segment One,Leeds Solution,Product 03,Legal Entity 2,2027,0.0517555016548649
Platform 1Channel 1Segment OneSegment OneSegment OneRestrictedProduct 03Leeds SolutionAdmin onlyCoreLegal Entity 2,Platform 1,Segment One,Leeds Solution,Product 03,Legal Entity 2,2028,0.0517555016548649
Platform 1Channel 1Segment OneSegment OneSegment OneRestrictedProduct 03Southampton SolutionAdmin onlyCoreLegal Entity 2,Platform 1,Segment One,Southampton Solution,Product 03,Legal Entity 2,2025,0.00306480665399022
Platform 1Channel 1Segment OneSegment OneSegment OneRestrictedProduct 03Southampton SolutionAdmin onlyCoreLegal Entity 2,Platform 1,Segment One,Southampton Solution,Product 03,Legal Entity 2,2026,0.00301324546057091
Platform 1Channel 1Segment OneSegment OneSegment OneRestrictedProduct 03Southampton SolutionAdmin onlyCoreLegal Entity 2,Platform 1,Segment One,Southampton Solution,Product 03,Legal Entity 2,2027,0.00301324546057091
Platform 1Channel 1Segment OneSegment OneSegment OneRestrictedProduct 03Southampton SolutionAdmin onlyCoreLegal Entity 2,Platform 1,Segment One,Southampton Solution,Product 03,Legal Entity 2,2028,0.00301324546057091
Platform 1Channel 1Segment OneSegment OneSegment OneRestrictedProduct 03Cardiff SolutionAdmin & ManagedCoreLegal Entity 2,Platform 1,Segment One,Cardiff Solution,Product 03,Legal Entity 2,2025,0.00468353771433767
Platform 1Channel 1Segment OneSegment OneSegment OneRestrictedProduct 03Cardiff SolutionAdmin & ManagedCoreLegal Entity 2,Platform 1,Segment One,Cardiff Solution,Product 03,Legal Entity 2,2026,0.00468014057824151
Platform 1Channel 1Segment OneSegment OneSegment OneRestrictedProduct 03Cardiff SolutionAdmin & ManagedCoreLegal Entity 2,Platform 1,Segment One,Cardiff Solution,Product 03,Legal Entity 2,2027,0.00468014057824151
Platform 1Channel 1Segment OneSegment OneSegment OneRestrictedProduct 03Cardiff SolutionAdmin & ManagedCoreLegal Entity 2,Platform 1,Segment One,Cardiff Solution,Product 03,Legal Entity 2,2028,0.00468014057824151
Platform 1Channel 1Segment OneSegment OneSegment OneRestrictedProduct 03Cardiff SolutionAdmin & ManagedCoreLegal Entity 1,Platform 1,Segment One,Cardiff Solution,Product 03,Legal Entity 1,2025,0.0166415543612469
Platform 1Channel 1Segment OneSegment OneSegment OneRestrictedProduct 03Cardiff SolutionAdmin & ManagedCoreLegal Entity 1,Platform 1,Segment One,Cardiff Solution,Product 03,Legal Entity 1,2026,0.0166294836513551
Platform 1Channel 1Segment OneSegment OneSegment OneRestrictedProduct 03Cardiff SolutionAdmin & ManagedCoreLegal Entity 1,Platform 1,Segment One,Cardiff Solution,Product 03,Legal Entity 1,2027,0.0166294836513551
Platform 1Channel 1Segment OneSegment OneSegment OneRestrictedProduct 03Cardiff SolutionAdmin & ManagedCoreLegal Entity 1,Platform 1,Segment One,Cardiff Solution,Product 03,Legal Entity 1,2028,0.0166294836513551
Platform 1Channel 1Segment OneSegment OneSegment OneRestrictedProduct 03Glasgow SolutionAdmin & ManagedCoreLegal Entity 2,Platform 1,Segment One,Glasgow Solution,Product 03,Legal Entity 2,2025,0.0341052685046862
Platform 1Channel 1Segment OneSegment OneSegment OneRestrictedProduct 03Glasgow SolutionAdmin & ManagedCoreLegal Entity 2,Platform 1,Segment One,Glasgow Solution,Product 03,Legal Entity 2,2026,0.034128741310922
Platform 1Channel 1Segment OneSegment OneSegment OneRestrictedProduct 03Glasgow SolutionAdmin & ManagedCoreLegal Entity 2,Platform 1,Segment One,Glasgow Solution,Product 03,Legal Entity 2,2027,0.034128741310922
Platform 1Channel 1Segment OneSegment OneSegment OneRestrictedProduct 03Glasgow SolutionAdmin & ManagedCoreLegal Entity 2,Platform 1,Segment One,Glasgow Solution,Product 03,Legal Entity 2,2028,0.034128741310922
Platform 1Channel 1Segment OneSegment OneSegment OneRestrictedProduct 03Glasgow SolutionAdmin & ManagedCoreLegal Entity 1,Platform 1,Segment One,Glasgow Solution,Product 03,Legal Entity 1,2025,0.0345596270091135
Platform 1Channel 1Segment OneSegment OneSegment OneRestrictedProduct 03Glasgow SolutionAdmin & ManagedCoreLegal Entity 1,Platform 1,Segment One,Glasgow Solution,Product 03,Legal Entity 1,2026,0.0345834125256607
Platform 1Channel 1Segment OneSegment OneSegment OneRestrictedProduct 03Glasgow SolutionAdmin & ManagedCoreLegal Entity 1,Platform 1,Segment One,Glasgow Solution,Product 03,Legal Entity 1,2027,0.0345834125256607
Platform 1Channel 1Segment OneSegment OneSegment OneRestrictedProduct 03Glasgow SolutionAdmin & ManagedCoreLegal Entity 1,Platform 1,Segment One,Glasgow Solution,Product 03,Legal Entity 1,2028,0.0345834125256607
Platform 1Channel 1Segment OneSegment OneSegment OneRestrictedProduct 03Newcastle SolutionAdmin & ManagedCoreLegal Entity 2,Platform 1,Segment One,Newcastle Solution,Product 03,Legal Entity 2,2025,0.0239983066453651
Platform 1Channel 1Segment OneSegment OneSegment OneRestrictedProduct 03Newcastle SolutionAdmin & ManagedCoreLegal Entity 2,Platform 1,Segment One,Newcastle Solution,Product 03,Legal Entity 2,2026,0.0240178566642729
Platform 1Channel 1Segment OneSegment OneSegment OneRestrictedProduct 03Newcastle SolutionAdmin & ManagedCoreLegal Entity 2,Platform 1,Segment One,Newcastle Solution,Product 03,Legal Entity 2,2027,0.0240178566642729
Platform 1Channel 1Segment OneSegment OneSegment OneRestrictedProduct 03Newcastle SolutionAdmin & ManagedCoreLegal Entity 2,Platform 1,Segment One,Newcastle Solution,Product 03,Legal Entity 2,2028,0.0240178566642729
Platform 1Channel 1Segment OneSegment OneSegment OneRestrictedProduct 03Belfast SolutionAdmin & ManagedCoreLegal Entity 2,Platform 1,Segment One,Belfast Solution,Product 03,Legal Entity 2,2025,0.00249711670342958
Platform 1Channel 1Segment OneSegment OneSegment OneRestrictedProduct 03Belfast SolutionAdmin & ManagedCoreLegal Entity 2,Platform 1,Segment One,Belfast Solution,Product 03,Legal Entity 2,2026,0.00247306969467257
Platform 1Channel 1Segment OneSegment OneSegment OneRestrictedProduct 03Belfast SolutionAdmin & ManagedCoreLegal Entity 2,Platform 1,Segment One,Belfast Solution,Product 03,Legal Entity 2,2027,0.00247306969467257
Platform 1Channel 1Segment OneSegment OneSegment OneRestrictedProduct 03Belfast SolutionAdmin & ManagedCoreLegal Entity 2,Platform 1,Segment One,Belfast Solution,Product 03,Legal Entity 2,2028,0.00247306969467257
Platform 1Channel 1Segment OneSegment OneSegment OneRestrictedProduct 03Belfast SolutionAdmin & ManagedCoreLegal Entity 1,Platform 1,Segment One,Belfast Solution,Product 03,Legal Entity 1,2025,0.000607545288687858
Platform 1Channel 1Segment OneSegment OneSegment OneRestrictedProduct 03Belfast SolutionAdmin & ManagedCoreLegal Entity 1,Platform 1,Segment One,Belfast Solution,Product 03,Legal Entity 1,2026,0.00060169468232361
Platform 1Channel 1Segment OneSegment OneSegment OneRestrictedProduct 03Belfast SolutionAdmin & ManagedCoreLegal Entity 1,Platform 1,Segment One,Belfast Solution,Product 03,Legal Entity 1,2027,0.00060169468232361
Platform 1Channel 1Segment OneSegment OneSegment OneRestrictedProduct 03Belfast SolutionAdmin & ManagedCoreLegal Entity 1,Platform 1,Segment One,Belfast Solution,Product 03,Legal Entity 1,2028,0.00060169468232361
Platform 1Channel 1Segment OneSegment OneSegment OneRestrictedProduct 03Manchester SolutionAdmin & ManagedCoreLegal Entity 2,Platform 1,Segment One,Manchester Solution,Product 03,Legal Entity 2,2025,0.0193623122950314
Platform 1Channel 1Segment OneSegment OneSegment OneRestrictedProduct 03Manchester SolutionAdmin & ManagedCoreLegal Entity 2,Platform 1,Segment One,Manchester Solution,Product 03,Legal Entity 2,2026,0.0193301962439787
Platform 1Channel 1Segment OneSegment OneSegment OneRestrictedProduct 03Manchester SolutionAdmin & ManagedCoreLegal Entity 2,Platform 1,Segment One,Manchester Solution,Product 03,Legal Entity 2,2027,0.0193301962439787
Platform 1Channel 1Segment OneSegment OneSegment OneRestrictedProduct 03Manchester SolutionAdmin & ManagedCoreLegal Entity 2,Platform 1,Segment One,Manchester Solution,Product 03,Legal Entity 2,2028,0.0193301962439787
Platform 1Channel 1Segment OneSegment OneSegment OneRestrictedProduct 03Manchester SolutionAdmin & ManagedCoreLegal Entity 1,Platform 1,Segment One,Manchester Solution,Product 03,Legal Entity 1,2025,0.00280838612922546
Platform 1Channel 1Segment OneSegment OneSegment OneRestrictedProduct 03Manchester SolutionAdmin & ManagedCoreLegal Entity 1,Platform 1,Segment One,Manchester Solution,Product 03,Legal Entity 1,2026,0.00280372789053333
Platform 1Channel 1Segment OneSegment OneSegment OneRestrictedProduct 03Manchester SolutionAdmin & ManagedCoreLegal Entity 1,Platform 1,Segment One,Manchester Solution,Product 03,Legal Entity 1,2027,0.00280372789053333
Platform 1Channel 1Segment OneSegment OneSegment OneRestrictedProduct 03Manchester SolutionAdmin & ManagedCoreLegal Entity 1,Platform 1,Segment One,Manchester Solution,Product 03,Legal Entity 1,2028,0.00280372789053333
Platform 1Channel 1Segment OneSegment OneSegment OneRestrictedProduct 03Chester SolutionAdmin & ManagedCoreLegal Entity 2,Platform 1,Segment One,Chester Solution,Product 03,Legal Entity 2,2025,0.00842890677840237
Platform 1Channel 1Segment OneSegment OneSegment OneRestrictedProduct 03Chester SolutionAdmin & ManagedCoreLegal Entity 2,Platform 1,Segment One,Chester Solution,Product 03,Legal Entity 2,2026,0.00842987359757584
Platform 1Channel 1Segment OneSegment OneSegment OneRestrictedProduct 03Chester SolutionAdmin & ManagedCoreLegal Entity 2,Platform 1,Segment One,Chester Solution,Product 03,Legal Entity 2,2027,0.00842987359757584
Platform 1Channel 1Segment OneSegment OneSegment OneRestrictedProduct 03Chester SolutionAdmin & ManagedCoreLegal Entity 2,Platform 1,Segment One,Chester Solution,Product 03,Legal Entity 2,2028,0.00842987359757584
Platform 1Channel 1Segment OneSegment OneSegment OneRestrictedProduct 03Lancaster SolutionAdmin & ManagedCoreLegal Entity 2,Platform 1,Segment One,Lancaster Solution,Product 03,Legal Entity 2,2025,0.00672442171797697
Platform 1Channel 1Segment OneSegment OneSegment OneRestrictedProduct 03Lancaster SolutionAdmin & ManagedCoreLegal Entity 2,Platform 1,Segment One,Lancaster Solution,Product 03,Legal Entity 2,2026,0.00668133010099468
Platform 1Channel 1Segment OneSegment OneSegment OneRestrictedProduct 03Lancaster SolutionAdmin & ManagedCoreLegal Entity 2,Platform 1,Segment One,Lancaster Solution,Product 03,Legal Entity 2,2027,0.00668133010099468
Platform 1Channel 1Segment OneSegment OneSegment OneRestrictedProduct 03Lancaster SolutionAdmin & ManagedCoreLegal Entity 2,Platform 1,Segment One,Lancaster Solution,Product 03,Legal Entity 2,2028,0.00668133010099468
Platform 1Channel 1Segment OneSegment OneSegment OneRestrictedProduct 03Lancaster SolutionAdmin & ManagedCoreLegal Entity 1,Platform 1,Segment One,Lancaster Solution,Product 03,Legal Entity 1,2025,0.000359730763038863
Platform 1Channel 1Segment OneSegment OneSegment OneRestrictedProduct 03Lancaster SolutionAdmin & ManagedCoreLegal Entity 1,Platform 1,Segment One,Lancaster Solution,Product 03,Legal Entity 1,2026,0.00035742552685533
Platform 1Channel 1Segment OneSegment OneSegment OneRestrictedProduct 03Lancaster SolutionAdmin & ManagedCoreLegal Entity 1,Platform 1,Segment One,Lancaster Solution,Product 03,Legal Entity 1,2027,0.00035742552685533
Platform 1Channel 1Segment OneSegment OneSegment OneRestrictedProduct 03Lancaster SolutionAdmin & ManagedCoreLegal Entity 1,Platform 1,Segment One,Lancaster Solution,Product 03,Legal Entity 1,2028,0.00035742552685533
Platform 1Channel 1Segment OneSegment OneSegment OneRestrictedProduct 03Derby SolutionAdmin & ManagedCoreLegal Entity 1,Platform 1,Segment One,Derby Solution,Product 03,Legal Entity 1,2025,1.18571543372725e-05
Platform 1Channel 1Segment OneSegment OneSegment OneRestrictedProduct 03Derby SolutionAdmin & ManagedCoreLegal Entity 1,Platform 1,Segment One,Derby Solution,Product 03,Legal Entity 1,2026,0
Platform 1Channel 1Segment OneSegment OneSegment OneRestrictedProduct 03Derby SolutionAdmin & ManagedCoreLegal Entity 1,Platform 1,Segment One,Derby Solution,Product 03,Legal Entity 1,2027,0
Platform 1Channel 1Segment OneSegment OneSegment OneRestrictedProduct 03Derby SolutionAdmin & ManagedCoreLegal Entity 1,Platform 1,Segment One,Derby Solution,Product 03,Legal Entity 1,2028,0
Platform 1Channel 1Segment OneSegment OneSegment OneRestrictedProduct 03Sheffield SolutionAdmin & ManagedCoreLegal Entity 1,Platform 1,Segment One,Sheffield Solution,Product 03,Legal Entity 1,2025,0
Platform 1Channel 1Segment OneSegment OneSegment OneRestrictedProduct 03Sheffield SolutionAdmin & ManagedCoreLegal Entity 1,Platform 1,Segment One,Sheffield Solution,Product 03,Legal Entity 1,2026,0
Platform 1Channel 1Segment OneSegment OneSegment OneRestrictedProduct 03Sheffield SolutionAdmin & ManagedCoreLegal Entity 1,Platform 1,Segment One,Sheffield Solution,Product 03,Legal Entity 1,2027,0
Platform 1Channel 1Segment OneSegment OneSegment OneRestrictedProduct 03Sheffield SolutionAdmin & ManagedCoreLegal Entity 1,Platform 1,Segment One,Sheffield Solution,Product 03,Legal Entity 1,2028,0
Platform 1Channel 1Segment OneSegment OneSegment OneRestrictedProduct 03Lincoln SolutionAdmin & ManagedCoreLegal Entity 1,Platform 1,Segment One,Lincoln Solution,Product 03,Legal Entity 1,2025,0.000158044392650354
Platform 1Channel 1Segment OneSegment OneSegment OneRestrictedProduct 03Lincoln SolutionAdmin & ManagedCoreLegal Entity 1,Platform 1,Segment One,Lincoln Solution,Product 03,Legal Entity 1,2026,0.000156962510763198
Platform 1Channel 1Segment OneSegment OneSegment OneRestrictedProduct 03Lincoln SolutionAdmin & ManagedCoreLegal Entity 1,Platform 1,Segment One,Lincoln Solution,Product 03,Legal Entity 1,2027,0.000156962510763198
Platform 1Channel 1Segment OneSegment OneSegment OneRestrictedProduct 03Lincoln SolutionAdmin & ManagedCoreLegal Entity 1,Platform 1,Segment One,Lincoln Solution,Product 03,Legal Entity 1,2028,0.000156962510763198
Platform 1Channel 1Segment OneSegment OneSegment OneRestrictedProduct 03Portsmouth SolutionAdmin & ManagedCoreLegal Entity 1,Platform 1,Segment One,Portsmouth Solution,Product 03,Legal Entity 1,2025,0.00462168926735906
Platform 1Channel 1Segment OneSegment OneSegment OneRestrictedProduct 03Portsmouth SolutionAdmin & ManagedCoreLegal Entity 1,Platform 1,Segment One,Portsmouth Solution,Product 03,Legal Entity 1,2026,0.00457581626864854
Platform 1Channel 1Segment OneSegment OneSegment OneRestrictedProduct 03Portsmouth SolutionAdmin & ManagedCoreLegal Entity 1,Platform 1,Segment One,Portsmouth Solution,Product 03,Legal Entity 1,2027,0.00457581626864854
Platform 1Channel 1Segment OneSegment OneSegment OneRestrictedProduct 03Portsmouth SolutionAdmin & ManagedCoreLegal Entity 1,Platform 1,Segment One,Portsmouth Solution,Product 03,Legal Entity 1,2028,0.00457581626864854
Platform 2Channel 2Segment OneSegment OneSegment OneRestrictedProduct 01Birmingham SolutionManaged OnlyCoreLegal Entity 1,Platform 2,Segment One,Birmingham Solution,Product 01,Legal Entity 1,2025,0.00986553301603438
Platform 2Channel 2Segment OneSegment OneSegment OneRestrictedProduct 01Birmingham SolutionManaged OnlyCoreLegal Entity 1,Platform 2,Segment One,Birmingham Solution,Product 01,Legal Entity 1,2026,0.00960543597881664
Platform 2Channel 2Segment OneSegment OneSegment OneRestrictedProduct 01Birmingham SolutionManaged OnlyCoreLegal Entity 1,Platform 2,Segment One,Birmingham Solution,Product 01,Legal Entity 1,2027,0.00960543597881664
Platform 2Channel 2Segment OneSegment OneSegment OneRestrictedProduct 01Birmingham SolutionManaged OnlyCoreLegal Entity 1,Platform 2,Segment One,Birmingham Solution,Product 01,Legal Entity 1,2028,0.00960543597881664
Platform 2Channel 2Segment OneSegment OneSegment OneRestrictedProduct 01Liverpool SolutionManaged OnlyCoreLegal Entity 1,Platform 2,Segment One,Liverpool Solution,Product 01,Legal Entity 1,2025,0
Platform 2Channel 2Segment OneSegment OneSegment OneRestrictedProduct 01Liverpool SolutionManaged OnlyCoreLegal Entity 1,Platform 2,Segment One,Liverpool Solution,Product 01,Legal Entity 1,2026,0
Platform 2Channel 2Segment OneSegment OneSegment OneRestrictedProduct 01Liverpool SolutionManaged OnlyCoreLegal Entity 1,Platform 2,Segment One,Liverpool Solution,Product 01,Legal Entity 1,2027,0
Platform 2Channel 2Segment OneSegment OneSegment OneRestrictedProduct 01Liverpool SolutionManaged OnlyCoreLegal Entity 1,Platform 2,Segment One,Liverpool Solution,Product 01,Legal Entity 1,2028,0
Platform 2Channel 2Segment OneSegment OneSegment OneRestrictedProduct 01External SolutionN/ACoreLegal Entity 2,Platform 2,Segment One,External Solution,Product 01,Legal Entity 2,2025,0.0177117508433067
Platform 2Channel 2Segment OneSegment OneSegment OneRestrictedProduct 01External SolutionN/ACoreLegal Entity 2,Platform 2,Segment One,External Solution,Product 01,Legal Entity 2,2026,0.017804416216249
Platform 2Channel 2Segment OneSegment OneSegment OneRestrictedProduct 01External SolutionN/ACoreLegal Entity 2,Platform 2,Segment One,External Solution,Product 01,Legal Entity 2,2027,0.017804416216249
Platform 2Channel 2Segment OneSegment OneSegment OneRestrictedProduct 01External SolutionN/ACoreLegal Entity 2,Platform 2,Segment One,External Solution,Product 01,Legal Entity 2,2028,0.017804416216249
Platform 2Channel 2Segment OneSegment OneSegment OneRestrictedProduct 01Southampton SolutionN/ACoreLegal Entity 2,Platform 2,Segment One,Southampton Solution,Product 01,Legal Entity 2,2025,0
Platform 2Channel 2Segment OneSegment OneSegment OneRestrictedProduct 01Southampton SolutionN/ACoreLegal Entity 2,Platform 2,Segment One,Southampton Solution,Product 01,Legal Entity 2,2026,0
Platform 2Channel 2Segment OneSegment OneSegment OneRestrictedProduct 01Southampton SolutionN/ACoreLegal Entity 2,Platform 2,Segment One,Southampton Solution,Product 01,Legal Entity 2,2027,0
Platform 2Channel 2Segment OneSegment OneSegment OneRestrictedProduct 01Southampton SolutionN/ACoreLegal Entity 2,Platform 2,Segment One,Southampton Solution,Product 01,Legal Entity 2,2028,0
Platform 2Channel 2Segment OneSegment OneSegment OneRestrictedProduct 01Portsmouth SolutionManaged OnlyCoreLegal Entity 1,Platform 2,Segment One,Portsmouth Solution,Product 01,Legal Entity 1,2025,9.24171711103923e-05
Platform 2Channel 2Segment OneSegment OneSegment OneRestrictedProduct 01Portsmouth SolutionManaged OnlyCoreLegal Entity 1,Platform 2,Segment One,Portsmouth Solution,Product 01,Legal Entity 1,2026,0
Platform 2Channel 2Segment OneSegment OneSegment OneRestrictedProduct 01Portsmouth SolutionManaged OnlyCoreLegal Entity 1,Platform 2,Segment One,Portsmouth Solution,Product 01,Legal Entity 1,2027,0
Platform 2Channel 2Segment OneSegment OneSegment OneRestrictedProduct 01Portsmouth SolutionManaged OnlyCoreLegal Entity 1,Platform 2,Segment One,Portsmouth Solution,Product 01,Legal Entity 1,2028,0
Platform 2Channel 2Segment OneSegment OneSegment OneRestrictedProduct 04External SolutionN/ACoreLegal Entity 2,Platform 2,Segment One,External Solution,Product 04,Legal Entity 2,2025,0
Platform 2Channel 2Segment OneSegment OneSegment OneRestrictedProduct 04External SolutionN/ACoreLegal Entity 2,Platform 2,Segment One,External Solution,Product 04,Legal Entity 2,2026,0
Platform 2Channel 2Segment OneSegment OneSegment OneRestrictedProduct 04External SolutionN/ACoreLegal Entity 2,Platform 2,Segment One,External Solution,Product 04,Legal Entity 2,2027,0
Platform 2Channel 2Segment OneSegment OneSegment OneRestrictedProduct 04External SolutionN/ACoreLegal Entity 2,Platform 2,Segment One,External Solution,Product 04,Legal Entity 2,2028,0
Platform 2Channel 2Segment OneSegment OneSegment OneRestrictedProduct 02London SolutionManaged OnlyCoreLegal Entity 1,Platform 2,Segment One,London Solution,Product 02,Legal Entity 1,2025,0.175980777228409
Platform 2Channel 2Segment OneSegment OneSegment OneRestrictedProduct 02London SolutionManaged OnlyCoreLegal Entity 1,Platform 2,Segment One,London Solution,Product 02,Legal Entity 1,2026,0.176970410883178
Platform 2Channel 2Segment OneSegment OneSegment OneRestrictedProduct 02London SolutionManaged OnlyCoreLegal Entity 1,Platform 2,Segment One,London Solution,Product 02,Legal Entity 1,2027,0.176970410883178
Platform 2Channel 2Segment OneSegment OneSegment OneRestrictedProduct 02London SolutionManaged OnlyCoreLegal Entity 1,Platform 2,Segment One,London Solution,Product 02,Legal Entity 1,2028,0.176970410883178
Platform 2Channel 2Segment OneSegment OneSegment OneRestrictedProduct 02Birmingham SolutionManaged OnlyCoreLegal Entity 1,Platform 2,Segment One,Birmingham Solution,Product 02,Legal Entity 1,2025,0.055838454784899
Platform 2Channel 2Segment OneSegment OneSegment OneRestrictedProduct 02Birmingham SolutionManaged OnlyCoreLegal Entity 1,Platform 2,Segment One,Birmingham Solution,Product 02,Legal Entity 1,2026,0.0543663177367776
Platform 2Channel 2Segment OneSegment OneSegment OneRestrictedProduct 02Birmingham SolutionManaged OnlyCoreLegal Entity 1,Platform 2,Segment One,Birmingham Solution,Product 02,Legal Entity 1,2027,0.0543663177367776
Platform 2Channel 2Segment OneSegment OneSegment OneRestrictedProduct 02Birmingham SolutionManaged OnlyCoreLegal Entity 1,Platform 2,Segment One,Birmingham Solution,Product 02,Legal Entity 1,2028,0.0543663177367776
Platform 2Channel 2Segment OneSegment OneSegment OneRestrictedProduct 02External SolutionN/ACoreLegal Entity 2,Platform 2,Segment One,External Solution,Product 02,Legal Entity 2,2025,0.321902869553163
Platform 2Channel 2Segment OneSegment OneSegment OneRestrictedProduct 02External SolutionN/ACoreLegal Entity 2,Platform 2,Segment One,External Solution,Product 02,Legal Entity 2,2026,0.323587019794562
Platform 2Channel 2Segment OneSegment OneSegment OneRestrictedProduct 02External SolutionN/ACoreLegal Entity 2,Platform 2,Segment One,External Solution,Product 02,Legal Entity 2,2027,0.323587019794562
Platform 2Channel 2Segment OneSegment OneSegment OneRestrictedProduct 02External SolutionN/ACoreLegal Entity 2,Platform 2,Segment One,External Solution,Product 02,Legal Entity 2,2028,0.323587019794562
Platform 2Channel 2Segment OneSegment OneSegment OneRestrictedProduct 03London SolutionManaged OnlyCoreLegal Entity 1,Platform 2,Segment One,London Solution,Product 03,Legal Entity 1,2025,0.0376553763689293
Platform 2Channel 2Segment OneSegment OneSegment OneRestrictedProduct 03London SolutionManaged OnlyCoreLegal Entity 1,Platform 2,Segment One,London Solution,Product 03,Legal Entity 1,2026,0.037867132609154
Platform 2Channel 2Segment OneSegment OneSegment OneRestrictedProduct 03London SolutionManaged OnlyCoreLegal Entity 1,Platform 2,Segment One,London Solution,Product 03,Legal Entity 1,2027,0.037867132609154
Platform 2Channel 2Segment OneSegment OneSegment OneRestrictedProduct 03London SolutionManaged OnlyCoreLegal Entity 1,Platform 2,Segment One,London Solution,Product 03,Legal Entity 1,2028,0.037867132609154
Platform 2Channel 2Segment OneSegment OneSegment OneRestrictedProduct 03Birmingham SolutionManaged OnlyCoreLegal Entity 1,Platform 2,Segment One,Birmingham Solution,Product 03,Legal Entity 1,2025,0.0438380851162146
Platform 2Channel 2Segment OneSegment OneSegment OneRestrictedProduct 03Birmingham SolutionManaged OnlyCoreLegal Entity 1,Platform 2,Segment One,Birmingham Solution,Product 03,Legal Entity 1,2026,0.0426823283986105
Platform 2Channel 2Segment OneSegment OneSegment OneRestrictedProduct 03Birmingham SolutionManaged OnlyCoreLegal Entity 1,Platform 2,Segment One,Birmingham Solution,Product 03,Legal Entity 1,2027,0.0426823283986105
Platform 2Channel 2Segment OneSegment OneSegment OneRestrictedProduct 03Birmingham SolutionManaged OnlyCoreLegal Entity 1,Platform 2,Segment One,Birmingham Solution,Product 03,Legal Entity 1,2028,0.0426823283986105
Platform 2Channel 2Segment OneSegment OneSegment OneRestrictedProduct 03Liverpool SolutionManaged OnlyCoreLegal Entity 1,Platform 2,Segment One,Liverpool Solution,Product 03,Legal Entity 1,2025,0.0157201608058777
Platform 2Channel 2Segment OneSegment OneSegment OneRestrictedProduct 03Liverpool SolutionManaged OnlyCoreLegal Entity 1,Platform 2,Segment One,Liverpool Solution,Product 03,Legal Entity 1,2026,0.0157891536446797
Platform 2Channel 2Segment OneSegment OneSegment OneRestrictedProduct 03Liverpool SolutionManaged OnlyCoreLegal Entity 1,Platform 2,Segment One,Liverpool Solution,Product 03,Legal Entity 1,2027,0.0157891536446797
Platform 2Channel 2Segment OneSegment OneSegment OneRestrictedProduct 03Liverpool SolutionManaged OnlyCoreLegal Entity 1,Platform 2,Segment One,Liverpool Solution,Product 03,Legal Entity 1,2028,0.0157891536446797
Platform 2Channel 2Segment OneSegment OneSegment OneRestrictedProduct 03External SolutionN/ACoreLegal Entity 2,Platform 2,Segment One,External Solution,Product 03,Legal Entity 2,2025,0.133136176701631
Platform 2Channel 2Segment OneSegment OneSegment OneRestrictedProduct 03External SolutionN/ACoreLegal Entity 2,Platform 2,Segment One,External Solution,Product 03,Legal Entity 2,2026,0.133832726329916
Platform 2Channel 2Segment OneSegment OneSegment OneRestrictedProduct 03External SolutionN/ACoreLegal Entity 2,Platform 2,Segment One,External Solution,Product 03,Legal Entity 2,2027,0.133832726329916
Platform 2Channel 2Segment OneSegment OneSegment OneRestrictedProduct 03External SolutionN/ACoreLegal Entity 2,Platform 2,Segment One,External Solution,Product 03,Legal Entity 2,2028,0.133832726329916
Platform 2Channel 2Segment OneSegment OneSegment OneRestrictedProduct 03Southampton SolutionN/ACoreLegal Entity 2,Platform 2,Segment One,Southampton Solution,Product 03,Legal Entity 2,2025,0
Platform 2Channel 2Segment OneSegment OneSegment OneRestrictedProduct 03Southampton SolutionN/ACoreLegal Entity 2,Platform 2,Segment One,Southampton Solution,Product 03,Legal Entity 2,2026,0
Platform 2Channel 2Segment OneSegment OneSegment OneRestrictedProduct 03Southampton SolutionN/ACoreLegal Entity 2,Platform 2,Segment One,Southampton Solution,Product 03,Legal Entity 2,2027,0
Platform 2Channel 2Segment OneSegment OneSegment OneRestrictedProduct 03Southampton SolutionN/ACoreLegal Entity 2,Platform 2,Segment One,Southampton Solution,Product 03,Legal Entity 2,2028,0
Platform 2Channel 2Segment OneSegment OneSegment OneRestrictedProduct 03Portsmouth SolutionManaged OnlyCoreLegal Entity 1,Platform 2,Segment One,Portsmouth Solution,Product 03,Legal Entity 1,2025,0.00100734716510328
Platform 2Channel 2Segment OneSegment OneSegment OneRestrictedProduct 03Portsmouth SolutionManaged OnlyCoreLegal Entity 1,Platform 2,Segment One,Portsmouth Solution,Product 03,Legal Entity 1,2026,0
Platform 2Channel 2Segment OneSegment OneSegment OneRestrictedProduct 03Portsmouth SolutionManaged OnlyCoreLegal Entity 1,Platform 2,Segment One,Portsmouth Solution,Product 03,Legal Entity 1,2027,0
Platform 2Channel 2Segment OneSegment OneSegment OneRestrictedProduct 03Portsmouth SolutionManaged OnlyCoreLegal Entity 1,Platform 2,Segment One,Portsmouth Solution,Product 03,Legal Entity 1,2028,0
Platform 1Channel 1Segment OneSegment OneSegment OneRestrictedProduct 01London SolutionAdmin & ManagedNon CoreLegal Entity 1,Platform 1,Segment One,London Solution,Product 01,Legal Entity 1,2025,0
Platform 1Channel 1Segment OneSegment OneSegment OneRestrictedProduct 01London SolutionAdmin & ManagedNon CoreLegal Entity 1,Platform 1,Segment One,London Solution,Product 01,Legal Entity 1,2026,0
Platform 1Channel 1Segment OneSegment OneSegment OneRestrictedProduct 01London SolutionAdmin & ManagedNon CoreLegal Entity 1,Platform 1,Segment One,London Solution,Product 01,Legal Entity 1,2027,0
Platform 1Channel 1Segment OneSegment OneSegment OneRestrictedProduct 01London SolutionAdmin & ManagedNon CoreLegal Entity 1,Platform 1,Segment One,London Solution,Product 01,Legal Entity 1,2028,0
Platform 1Channel 1Segment OneSegment OneSegment OneRestrictedProduct 01Liverpool SolutionAdmin & ManagedNon CoreLegal Entity 1,Platform 1,Segment One,Liverpool Solution,Product 01,Legal Entity 1,2025,0
Platform 1Channel 1Segment OneSegment OneSegment OneRestrictedProduct 01Liverpool SolutionAdmin & ManagedNon CoreLegal Entity 1,Platform 1,Segment One,Liverpool Solution,Product 01,Legal Entity 1,2026,0
Platform 1Channel 1Segment OneSegment OneSegment OneRestrictedProduct 01Liverpool SolutionAdmin & ManagedNon CoreLegal Entity 1,Platform 1,Segment One,Liverpool Solution,Product 01,Legal Entity 1,2027,0
Platform 1Channel 1Segment OneSegment OneSegment OneRestrictedProduct 01Liverpool SolutionAdmin & ManagedNon CoreLegal Entity 1,Platform 1,Segment One,Liverpool Solution,Product 01,Legal Entity 1,2028,0
Platform 1Channel 1Segment OneSegment OneSegment OneRestrictedProduct 01Newcastle SolutionAdmin & ManagedNon CoreLegal Entity 2,Platform 1,Segment One,Newcastle Solution,Product 01,Legal Entity 2,2025,0
Platform 1Channel 1Segment OneSegment OneSegment OneRestrictedProduct 01Newcastle SolutionAdmin & ManagedNon CoreLegal Entity 2,Platform 1,Segment One,Newcastle Solution,Product 01,Legal Entity 2,2026,0
Platform 1Channel 1Segment OneSegment OneSegment OneRestrictedProduct 01Newcastle SolutionAdmin & ManagedNon CoreLegal Entity 2,Platform 1,Segment One,Newcastle Solution,Product 01,Legal Entity 2,2027,0
Platform 1Channel 1Segment OneSegment OneSegment OneRestrictedProduct 01Newcastle SolutionAdmin & ManagedNon CoreLegal Entity 2,Platform 1,Segment One,Newcastle Solution,Product 01,Legal Entity 2,2028,0
Platform 1Channel 1Segment OneSegment OneSegment OneRestrictedProduct 01Portsmouth SolutionAdmin & ManagedNon CoreLegal Entity 1,Platform 1,Segment One,Portsmouth Solution,Product 01,Legal Entity 1,2025,0
Platform 1Channel 1Segment OneSegment OneSegment OneRestrictedProduct 01Portsmouth SolutionAdmin & ManagedNon CoreLegal Entity 1,Platform 1,Segment One,Portsmouth Solution,Product 01,Legal Entity 1,2026,0
Platform 1Channel 1Segment OneSegment OneSegment OneRestrictedProduct 01Portsmouth SolutionAdmin & ManagedNon CoreLegal Entity 1,Platform 1,Segment One,Portsmouth Solution,Product 01,Legal Entity 1,2027,0
Platform 1Channel 1Segment OneSegment OneSegment OneRestrictedProduct 01Portsmouth SolutionAdmin & ManagedNon CoreLegal Entity 1,Platform 1,Segment One,Portsmouth Solution,Product 01,Legal Entity 1,2028,0
Platform 1Channel 1Segment OneSegment OneSegment OneRestrictedProduct 04Southampton SolutionAdmin onlyCoreLegal Entity 2,Platform 1,Segment One,Southampton Solution,Product 04,Legal Entity 2,2025,0
Platform 1Channel 1Segment OneSegment OneSegment OneRestrictedProduct 04Southampton SolutionAdmin onlyCoreLegal Entity 2,Platform 1,Segment One,Southampton Solution,Product 04,Legal Entity 2,2026,0
Platform 1Channel 1Segment OneSegment OneSegment OneRestrictedProduct 04Southampton SolutionAdmin onlyCoreLegal Entity 2,Platform 1,Segment One,Southampton Solution,Product 04,Legal Entity 2,2027,0
Platform 1Channel 1Segment OneSegment OneSegment OneRestrictedProduct 04Southampton SolutionAdmin onlyCoreLegal Entity 2,Platform 1,Segment One,Southampton Solution,Product 04,Legal Entity 2,2028,0
Platform 1Channel 1Segment OneSegment OneSegment OneRestrictedProduct 04Belfast SolutionAdmin & ManagedCoreLegal Entity 2,Platform 1,Segment One,Belfast Solution,Product 04,Legal Entity 2,2025,0.00102005951297006
Platform 1Channel 1Segment OneSegment OneSegment OneRestrictedProduct 04Belfast SolutionAdmin & ManagedCoreLegal Entity 2,Platform 1,Segment One,Belfast Solution,Product 04,Legal Entity 2,2026,0.00101023643181115
Platform 1Channel 1Segment OneSegment OneSegment OneRestrictedProduct 04Belfast SolutionAdmin & ManagedCoreLegal Entity 2,Platform 1,Segment One,Belfast Solution,Product 04,Legal Entity 2,2027,0.00101023643181115
Platform 1Channel 1Segment OneSegment OneSegment OneRestrictedProduct 04Belfast SolutionAdmin & ManagedCoreLegal Entity 2,Platform 1,Segment One,Belfast Solution,Product 04,Legal Entity 2,2028,0.00101023643181115
Platform 1Channel 1Segment OneSegment OneSegment OneRestrictedProduct 04Belfast SolutionAdmin & ManagedCoreLegal Entity 1,Platform 1,Segment One,Belfast Solution,Product 04,Legal Entity 1,2025,0.000226471647841904
Platform 1Channel 1Segment OneSegment OneSegment OneRestrictedProduct 04Belfast SolutionAdmin & ManagedCoreLegal Entity 1,Platform 1,Segment One,Belfast Solution,Product 04,Legal Entity 1,2026,0.000224290746287969
Platform 1Channel 1Segment OneSegment OneSegment OneRestrictedProduct 04Belfast SolutionAdmin & ManagedCoreLegal Entity 1,Platform 1,Segment One,Belfast Solution,Product 04,Legal Entity 1,2027,0.000224290746287969
Platform 1Channel 1Segment OneSegment OneSegment OneRestrictedProduct 04Belfast SolutionAdmin & ManagedCoreLegal Entity 1,Platform 1,Segment One,Belfast Solution,Product 04,Legal Entity 1,2028,0.000224290746287969
Platform 1Channel 1Segment OneSegment OneSegment OneRestrictedProduct 04Chester SolutionAdmin & ManagedCoreLegal Entity 2,Platform 1,Segment One,Chester Solution,Product 04,Legal Entity 2,2025,0.00320189065768307
Platform 1Channel 1Segment OneSegment OneSegment OneRestrictedProduct 04Chester SolutionAdmin & ManagedCoreLegal Entity 2,Platform 1,Segment One,Chester Solution,Product 04,Legal Entity 2,2026,0.00320225792349353
Platform 1Channel 1Segment OneSegment OneSegment OneRestrictedProduct 04Chester SolutionAdmin & ManagedCoreLegal Entity 2,Platform 1,Segment One,Chester Solution,Product 04,Legal Entity 2,2027,0.00320225792349353
Platform 1Channel 1Segment OneSegment OneSegment OneRestrictedProduct 04Chester SolutionAdmin & ManagedCoreLegal Entity 2,Platform 1,Segment One,Chester Solution,Product 04,Legal Entity 2,2028,0.00320225792349353
Platform 1Channel 1Segment OneSegment OneSegment OneRestrictedProduct 04Lancaster SolutionAdmin & ManagedCoreLegal Entity 2,Platform 1,Segment One,Lancaster Solution,Product 04,Legal Entity 2,2025,0.00120652282714491
Platform 1Channel 1Segment OneSegment OneSegment OneRestrictedProduct 04Lancaster SolutionAdmin & ManagedCoreLegal Entity 2,Platform 1,Segment One,Lancaster Solution,Product 04,Legal Entity 2,2026,0.00119879115567512
Platform 1Channel 1Segment OneSegment OneSegment OneRestrictedProduct 04Lancaster SolutionAdmin & ManagedCoreLegal Entity 2,Platform 1,Segment One,Lancaster Solution,Product 04,Legal Entity 2,2027,0.00119879115567512
Platform 1Channel 1Segment OneSegment OneSegment OneRestrictedProduct 04Lancaster SolutionAdmin & ManagedCoreLegal Entity 2,Platform 1,Segment One,Lancaster Solution,Product 04,Legal Entity 2,2028,0.00119879115567512
Platform 1Channel 1Segment OneSegment OneSegment OneRestrictedProduct 04Lancaster SolutionAdmin & ManagedCoreLegal Entity 1,Platform 1,Segment One,Lancaster Solution,Product 04,Legal Entity 1,2025,2.45175352586828e-05
Platform 1Channel 1Segment OneSegment OneSegment OneRestrictedProduct 04Lancaster SolutionAdmin & ManagedCoreLegal Entity 1,Platform 1,Segment One,Lancaster Solution,Product 04,Legal Entity 1,2026,2.43604213412298e-05
Platform 1Channel 1Segment OneSegment OneSegment OneRestrictedProduct 04Lancaster SolutionAdmin & ManagedCoreLegal Entity 1,Platform 1,Segment One,Lancaster Solution,Product 04,Legal Entity 1,2027,2.43604213412298e-05
Platform 1Channel 1Segment OneSegment OneSegment OneRestrictedProduct 04Lancaster SolutionAdmin & ManagedCoreLegal Entity 1,Platform 1,Segment One,Lancaster Solution,Product 04,Legal Entity 1,2028,2.43604213412298e-05
Platform 1Channel 1Segment OneSegment OneSegment OneRestrictedProduct 04Derby SolutionAdmin & ManagedCoreLegal Entity 1,Platform 1,Segment One,Derby Solution,Product 04,Legal Entity 1,2025,0
Platform 1Channel 1Segment OneSegment OneSegment OneRestrictedProduct 04Derby SolutionAdmin & ManagedCoreLegal Entity 1,Platform 1,Segment One,Derby Solution,Product 04,Legal Entity 1,2026,0
Platform 1Channel 1Segment OneSegment OneSegment OneRestrictedProduct 04Derby SolutionAdmin & ManagedCoreLegal Entity 1,Platform 1,Segment One,Derby Solution,Product 04,Legal Entity 1,2027,0
Platform 1Channel 1Segment OneSegment OneSegment OneRestrictedProduct 04Derby SolutionAdmin & ManagedCoreLegal Entity 1,Platform 1,Segment One,Derby Solution,Product 04,Legal Entity 1,2028,0
Platform 1Channel 1Segment OneSegment OneSegment OneRestrictedProduct 04Lincoln SolutionAdmin & ManagedCoreLegal Entity 1,Platform 1,Segment One,Lincoln Solution,Product 04,Legal Entity 1,2025,0.00057380977215407
Platform 1Channel 1Segment OneSegment OneSegment OneRestrictedProduct 04Lincoln SolutionAdmin & ManagedCoreLegal Entity 1,Platform 1,Segment One,Lincoln Solution,Product 04,Legal Entity 1,2026,0.000569881797306266
Platform 1Channel 1Segment OneSegment OneSegment OneRestrictedProduct 04Lincoln SolutionAdmin & ManagedCoreLegal Entity 1,Platform 1,Segment One,Lincoln Solution,Product 04,Legal Entity 1,2027,0.000569881797306266
Platform 1Channel 1Segment OneSegment OneSegment OneRestrictedProduct 04Lincoln SolutionAdmin & ManagedCoreLegal Entity 1,Platform 1,Segment One,Lincoln Solution,Product 04,Legal Entity 1,2028,0.000569881797306266
Platform 1Channel 1Segment OneSegment OneSegment OneRestrictedProduct 04Portsmouth SolutionAdmin & ManagedCoreLegal Entity 1,Platform 1,Segment One,Portsmouth Solution,Product 04,Legal Entity 1,2025,2.53207618428206e-05
Platform 1Channel 1Segment OneSegment OneSegment OneRestrictedProduct 04Portsmouth SolutionAdmin & ManagedCoreLegal Entity 1,Platform 1,Segment One,Portsmouth Solution,Product 04,Legal Entity 1,2026,2.50694383097634e-05
Platform 1Channel 1Segment OneSegment OneSegment OneRestrictedProduct 04Portsmouth SolutionAdmin & ManagedCoreLegal Entity 1,Platform 1,Segment One,Portsmouth Solution,Product 04,Legal Entity 1,2027,2.50694383097634e-05
Platform 1Channel 1Segment OneSegment OneSegment OneRestrictedProduct 04Portsmouth SolutionAdmin & ManagedCoreLegal Entity 1,Platform 1,Segment One,Portsmouth Solution,Product 04,Legal Entity 1,2028,2.50694383097634e-05
Platform 1Channel 1Segment OneSegment OneSegment OneRestrictedProduct 02Derby SolutionAdmin & ManagedCoreLegal Entity 1,Platform 1,Segment One,Derby Solution,Product 02,Legal Entity 1,2025,5.96682605359518e-06
Platform 1Channel 1Segment OneSegment OneSegment OneRestrictedProduct 02Derby SolutionAdmin & ManagedCoreLegal Entity 1,Platform 1,Segment One,Derby Solution,Product 02,Legal Entity 1,2026,0
Platform 1Channel 1Segment OneSegment OneSegment OneRestrictedProduct 02Derby SolutionAdmin & ManagedCoreLegal Entity 1,Platform 1,Segment One,Derby Solution,Product 02,Legal Entity 1,2027,0
Platform 1Channel 1Segment OneSegment OneSegment OneRestrictedProduct 02Derby SolutionAdmin & ManagedCoreLegal Entity 1,Platform 1,Segment One,Derby Solution,Product 02,Legal Entity 1,2028,0
Platform 1Channel 1Segment OneSegment OneSegment OneRestrictedProduct 02Lincoln SolutionAdmin & ManagedCoreLegal Entity 1,Platform 1,Segment One,Lincoln Solution,Product 02,Legal Entity 1,2025,0.000199085446211301
Platform 1Channel 1Segment OneSegment OneSegment OneRestrictedProduct 02Lincoln SolutionAdmin & ManagedCoreLegal Entity 1,Platform 1,Segment One,Lincoln Solution,Product 02,Legal Entity 1,2026,0.000197722620649188
Platform 1Channel 1Segment OneSegment OneSegment OneRestrictedProduct 02Lincoln SolutionAdmin & ManagedCoreLegal Entity 1,Platform 1,Segment One,Lincoln Solution,Product 02,Legal Entity 1,2027,0.000197722620649188
Platform 1Channel 1Segment OneSegment OneSegment OneRestrictedProduct 02Lincoln SolutionAdmin & ManagedCoreLegal Entity 1,Platform 1,Segment One,Lincoln Solution,Product 02,Legal Entity 1,2028,0.000197722620649188
Platform 2Channel 2Segment OneSegment OneSegment OneRestrictedProduct 01London SolutionManaged OnlyCoreLegal Entity 1,Platform 2,Segment One,London Solution,Product 01,Legal Entity 1,2025,0.0322674552931935
Platform 2Channel 2Segment OneSegment OneSegment OneRestrictedProduct 01London SolutionManaged OnlyCoreLegal Entity 1,Platform 2,Segment One,London Solution,Product 01,Legal Entity 1,2026,0.0324489123830804
Platform 2Channel 2Segment OneSegment OneSegment OneRestrictedProduct 01London SolutionManaged OnlyCoreLegal Entity 1,Platform 2,Segment One,London Solution,Product 01,Legal Entity 1,2027,0.0324489123830804
Platform 2Channel 2Segment OneSegment OneSegment OneRestrictedProduct 01London SolutionManaged OnlyCoreLegal Entity 1,Platform 2,Segment One,London Solution,Product 01,Legal Entity 1,2028,0.0324489123830804
Platform 2Channel 2Segment OneSegment OneSegment OneRestrictedProduct 02Liverpool SolutionManaged OnlyCoreLegal Entity 1,Platform 2,Segment One,Liverpool Solution,Product 02,Legal Entity 1,2025,0.136514024305716
Platform 2Channel 2Segment OneSegment OneSegment OneRestrictedProduct 02Liverpool SolutionManaged OnlyCoreLegal Entity 1,Platform 2,Segment One,Liverpool Solution,Product 02,Legal Entity 1,2026,0.137113158766835
Platform 2Channel 2Segment OneSegment OneSegment OneRestrictedProduct 02Liverpool SolutionManaged OnlyCoreLegal Entity 1,Platform 2,Segment One,Liverpool Solution,Product 02,Legal Entity 1,2027,0.137113158766835
Platform 2Channel 2Segment OneSegment OneSegment OneRestrictedProduct 02Liverpool SolutionManaged OnlyCoreLegal Entity 1,Platform 2,Segment One,Liverpool Solution,Product 02,Legal Entity 1,2028,0.137113158766835
Platform 2Channel 2Segment OneSegment OneSegment OneRestrictedProduct 02Southampton SolutionN/ACoreLegal Entity 2,Platform 2,Segment One,Southampton Solution,Product 02,Legal Entity 2,2025,0.0178134097315281
Platform 2Channel 2Segment OneSegment OneSegment OneRestrictedProduct 02Southampton SolutionN/ACoreLegal Entity 2,Platform 2,Segment One,Southampton Solution,Product 02,Legal Entity 2,2026,0.0179329872581406
Platform 2Channel 2Segment OneSegment OneSegment OneRestrictedProduct 02Southampton SolutionN/ACoreLegal Entity 2,Platform 2,Segment One,Southampton Solution,Product 02,Legal Entity 2,2027,0.0179329872581406
Platform 2Channel 2Segment OneSegment OneSegment OneRestrictedProduct 02Southampton SolutionN/ACoreLegal Entity 2,Platform 2,Segment One,Southampton Solution,Product 02,Legal Entity 2,2028,0.0179329872581406
Platform 2Channel 2Segment OneSegment OneSegment OneRestrictedProduct 02Lincoln SolutionManaged OnlyCoreLegal Entity 1,Platform 2,Segment One,Lincoln Solution,Product 02,Legal Entity 1,2025,0.000656161914883785
Platform 2Channel 2Segment OneSegment OneSegment OneRestrictedProduct 02Lincoln SolutionManaged OnlyCoreLegal Entity 1,Platform 2,Segment One,Lincoln Solution,Product 02,Legal Entity 1,2026,0
Platform 2Channel 2Segment OneSegment OneSegment OneRestrictedProduct 02Lincoln SolutionManaged OnlyCoreLegal Entity 1,Platform 2,Segment One,Lincoln Solution,Product 02,Legal Entity 1,2027,0
Platform 2Channel 2Segment OneSegment OneSegment OneRestrictedProduct 02Lincoln SolutionManaged OnlyCoreLegal Entity 1,Platform 2,Segment One,Lincoln Solution,Product 02,Legal Entity 1,2028,0
Platform 2Channel 2Segment OneSegment OneSegment OneRestrictedProduct 02Portsmouth SolutionManaged OnlyCoreLegal Entity 1,Platform 2,Segment One,Portsmouth Solution,Product 02,Legal Entity 1,2025,0
Platform 2Channel 2Segment OneSegment OneSegment OneRestrictedProduct 02Portsmouth SolutionManaged OnlyCoreLegal Entity 1,Platform 2,Segment One,Portsmouth Solution,Product 02,Legal Entity 1,2026,0
Platform 2Channel 2Segment OneSegment OneSegment OneRestrictedProduct 02Portsmouth SolutionManaged OnlyCoreLegal Entity 1,Platform 2,Segment One,Portsmouth Solution,Product 02,Legal Entity 1,2027,0
Platform 2Channel 2Segment OneSegment OneSegment OneRestrictedProduct 02Portsmouth SolutionManaged OnlyCoreLegal Entity 1,Platform 2,Segment One,Portsmouth Solution,Product 02,Legal Entity 1,2028,0
